accession	level_1	level_2	S-121	S-122	S-123	S-124	S-125	S-126	S-127	S-128	S-129	S-130	S-131	S-132	S-133	S-134	S-135	S-136	S-137	S-138	S-139	S-140	S-141	S-142	S-143	S-144	S-145	S-146	S-147	S-148	S-149	S-150	S-151	S-152	S-153	S-154	S-155	S-156	S-157	S-158	S-159	S-160	S-161	S-162	S-163	S-164	S-165	S-166	S-167	S-168	S-169	S-170	S-171	S-172	S-173	S-174	S-175	S-176	S-177	S-178	S-179	S-180	S-181	S-182	S-183	S-184	S-185	S-186	S-187	S-188	S-189	S-190	S-191	S-192
tcc:18600133_ADE2	Purine metabolism	ADE2	9074.0	9954.0	6181.0	7919.0	10200.0	9015.0	10830.0	12091.0	12628.0	12481.0	7316.0	8156.0	6317.0	6128.0	16568.0	12996.0	13031.0	10580.0	9195.0	14471.0	7737.0	8226.0	10518.0	6947.0	7013.0	6588.0	6258.0	4929.0	7675.0	5055.0	9541.0	6743.0	9761.0	6875.0	5369.0	4894.0	5935.0	6579.0	13403.0	7476.0	6324.0	10127.0	6846.0	6711.0	6009.0	4562.0	7422.0	7978.0	5551.0	5641.0	4644.0	5928.0	7214.0	4264.0	6082.0	3944.0	5174.0	6903.0	4700.0	5770.0	5224.0	4101.0	6616.0	7916.0	4787.0	6360.0	6026.0	5697.0	5099.0	6002.0	7972.0	11101.0
tbw:NCTC13354_00838_RegX3	Two-component system	RegX3	66569.0	59485.0	58096.0	48222.0	54888.0	42403.0	68540.0	56217.0	45568.0	38724.0	46593.0	56567.0	44641.0	56225.0	45911.0	54674.0	51296.0	50839.0	57488.0	52771.0	51835.0	64387.0	41942.0	45025.0	48685.0	56231.0	58569.0	42419.0	56208.0	47501.0	47717.0	51354.0	49827.0	40230.0	49934.0	50907.0	52639.0	57903.0	57596.0	52743.0	42621.0	67445.0	52017.0	51958.0	56326.0	47349.0	46379.0	68364.0	47797.0	49239.0	45025.0	59519.0	45141.0	41821.0	52528.0	39421.0	43880.0	56619.0	50531.0	52849.0	55800.0	45610.0	41570.0	55993.0	46390.0	54312.0	51234.0	55006.0	56725.0	67422.0	49186.0	53973.0
tbw:NCTC13354_00839_SenX3	Two-component system	SenX3	11595.0	9800.0	9135.0	7421.0	8788.0	6648.0	11212.0	10384.0	8186.0	6249.0	7342.0	9329.0	6574.0	9324.0	8105.0	9615.0	9281.0	8453.0	9277.0	8886.0	7038.0	10210.0	6773.0	6665.0	7685.0	9120.0	9379.0	6428.0	9009.0	7140.0	7273.0	9193.0	8594.0	7125.0	7537.0	7257.0	7842.0	8309.0	10834.0	9176.0	6938.0	12039.0	8374.0	8783.0	8010.0	7210.0	8193.0	10844.0	7412.0	7872.0	6572.0	10178.0	6420.0	7010.0	8024.0	6459.0	7596.0	10394.0	7506.0	8615.0	8422.0	7290.0	7434.0	11222.0	6726.0	9499.0	8024.0	9958.0	8901.0	10203.0	8525.0	9246.0
tab:CIG75_19630_adk	Purine metabolism	adk	48019.0	43154.0	39298.0	34260.0	40396.0	31904.0	50548.0	42968.0	38613.0	35163.0	35212.0	40442.0	32557.0	39184.0	38610.0	43128.0	41382.0	39192.0	42086.0	43401.0	36719.0	45440.0	34314.0	32196.0	36630.0	38647.0	41449.0	30558.0	40852.0	33991.0	36446.0	36627.0	37237.0	30440.0	34614.0	35436.0	39051.0	40142.0	43586.0	37211.0	32347.0	46361.0	38347.0	37483.0	38732.0	32782.0	33636.0	46563.0	34548.0	34953.0	30759.0	42390.0	32635.0	29841.0	37200.0	27781.0	32512.0	39202.0	34629.0	36448.0	38705.0	30641.0	30787.0	39249.0	31580.0	37690.0	36954.0	37950.0	38828.0	44607.0	37328.0	39462.0
IMGID650445803_Pseudomonas_putida_BIRD_1_aepP	Transporters	aepP	16.0	84.0	41.0	4.0	69.0	6.0	44.0	126.0	122.0	52.0	22.0	NA	40.0	51.0	68.0	64.0	143.0	67.0	11.0	76.0	30.0	72.0	108.0	NA	26.0	5.0	8.0	30.0	72.0	45.0	15.0	39.0	141.0	48.0	81.0	16.0	21.0	23.0	98.0	49.0	47.0	61.0	21.0	13.0	48.0	NA	71.0	43.0	17.0	50.0	17.0	56.0	NA	7.0	18.0	40.0	100.0	129.0	31.0	39.0	43.0	9.0	71.0	104.0	78.0	137.0	64.0	10.0	23.0	35.0	46.0	25.0
IMGID650446572_Pseudomonas_putida_BIRD_1_aepS	Transporters	aepS	63.0	40.0	49.0	45.0	NA	12.0	44.0	NA	NA	NA	33.0	46.0	54.0	NA	NA	NA	39.0	40.0	38.0	NA	43.0	40.0	30.0	NA	9.0	NA	37.0	41.0	53.0	7.0	36.0	NA	NA	NA	NA	32.0	58.0	15.0	NA	NA	5.0	NA	NA	22.0	48.0	37.0	NA	38.0	39.0	28.0	62.0	42.0	NA	NA	48.0	NA	NA	NA	61.0	NA	8.0	3.0	7.0	7.0	54.0	2.0	59.0	49.0	NA	40.0	37.0	39.0
WP_003249040.1_aepV	Transporters	aepV	NA	NA	NA	NA	NA	NA	NA	NA	NA	NA	NA	NA	NA	NA	NA	NA	NA	NA	NA	NA	NA	NA	NA	NA	NA	NA	5.0	NA	NA	NA	NA	NA	NA	NA	5.0	NA	NA	NA	NA	NA	NA	NA	NA	NA	NA	NA	NA	NA	NA	NA	NA	NA	NA	NA	NA	NA	NA	NA	NA	NA	NA	NA	NA	NA	NA	NA	NA	NA	NA	NA	NA	NA
WP_010955672.1_aepW	Transporters	aepW	46.0	130.0	27.0	4.0	37.0	13.0	70.0	74.0	64.0	25.0	58.0	121.0	143.0	57.0	51.0	40.0	13.0	49.0	39.0	64.0	115.0	14.0	54.0	26.0	101.0	70.0	82.0	78.0	60.0	52.0	26.0	29.0	47.0	69.0	92.0	77.0	18.0	144.0	33.0	108.0	29.0	28.0	52.0	12.0	107.0	35.0	32.0	74.0	104.0	61.0	32.0	104.0	34.0	6.0	27.0	58.0	77.0	39.0	29.0	12.0	101.0	93.0	35.0	96.0	31.0	52.0	74.0	12.0	21.0	24.0	11.0	71.0
238921672_aepX	Transporters	aepX	693.0	619.0	747.0	665.0	654.0	633.0	890.0	474.0	401.0	372.0	700.0	645.0	679.0	715.0	262.0	365.0	404.0	335.0	641.0	753.0	709.0	1014.0	381.0	539.0	667.0	799.0	808.0	537.0	721.0	678.0	748.0	437.0	420.0	220.0	924.0	863.0	679.0	822.0	409.0	438.0	473.0	686.0	700.0	556.0	1040.0	788.0	383.0	847.0	618.0	539.0	771.0	773.0	780.0	605.0	655.0	513.0	477.0	397.0	828.0	606.0	1056.0	568.0	277.0	290.0	599.0	630.0	713.0	669.0	972.0	936.0	560.0	501.0
tci:A7K98_18635_aphA	Organic phosphoester hydrolysis	aphA	19.0	31.0	16.0	32.0	26.0	17.0	47.0	7.0	44.0	38.0	23.0	32.0	26.0	30.0	11.0	61.0	25.0	64.0	23.0	33.0	13.0	22.0	29.0	5.0	5.0	38.0	17.0	8.0	43.0	32.0	30.0	39.0	55.0	35.0	18.0	5.0	27.0	39.0	38.0	36.0	38.0	79.0	19.0	26.0	34.0	20.0	18.0	37.0	4.0	16.0	20.0	33.0	34.0	25.0	40.0	25.0	43.0	39.0	17.0	17.0	21.0	13.0	23.0	38.0	44.0	50.0	37.0	40.0	38.0	24.0	9.0	33.0
1005995.GTPT_1353_appA	Organic phosphoester hydrolysis	appA	198.0	150.0	231.0	161.0	155.0	91.0	206.0	130.0	24.0	64.0	107.0	219.0	196.0	193.0	47.0	80.0	87.0	92.0	131.0	144.0	246.0	315.0	150.0	156.0	165.0	114.0	209.0	122.0	151.0	145.0	102.0	82.0	84.0	64.0	192.0	188.0	222.0	168.0	84.0	96.0	75.0	118.0	166.0	169.0	265.0	203.0	133.0	210.0	186.0	86.0	208.0	204.0	118.0	97.0	200.0	89.0	104.0	71.0	219.0	200.0	231.0	131.0	66.0	81.0	86.0	106.0	197.0	194.0	322.0	380.0	169.0	156.0
tab:CIG75_09345_cmk	Pyrimidine metabolism	cmk	66491.0	56884.0	53522.0	45256.0	54438.0	41317.0	69016.0	56287.0	44987.0	37134.0	45745.0	54319.0	42077.0	54000.0	43336.0	53725.0	50958.0	49753.0	53121.0	50680.0	48934.0	63334.0	41817.0	43129.0	48769.0	55590.0	56351.0	40243.0	54659.0	46436.0	46360.0	50273.0	45150.0	39207.0	47722.0	48823.0	52207.0	53272.0	57855.0	50751.0	40711.0	63588.0	50351.0	50878.0	51572.0	44733.0	45599.0	69317.0	44446.0	47262.0	41731.0	57969.0	40766.0	40235.0	49353.0	38189.0	42992.0	54797.0	46062.0	50492.0	53131.0	43687.0	39709.0	56740.0	41679.0	53836.0	48942.0	54750.0	53538.0	64741.0	50644.0	51787.0
tac:Ta0598_dcd	Pyrimidine metabolism	dcd	12440.0	10829.0	10348.0	8835.0	10446.0	8218.0	12574.0	11059.0	9146.0	7503.0	9141.0	10623.0	8541.0	10154.0	8704.0	10588.0	9830.0	9472.0	10958.0	10218.0	9085.0	11080.0	7637.0	7906.0	9453.0	10354.0	10830.0	7841.0	10622.0	9068.0	8982.0	9770.0	9377.0	8238.0	9052.0	9039.0	9981.0	10070.0	11034.0	9769.0	8055.0	11906.0	10012.0	10178.0	9976.0	8248.0	8678.0	11753.0	9095.0	9346.0	8769.0	11296.0	8378.0	8067.0	9827.0	7465.0	8969.0	10906.0	9126.0	9590.0	10534.0	8436.0	8157.0	11168.0	8407.0	10553.0	10177.0	10975.0	10373.0	11311.0	9837.0	9414.0
tab:CIG75_08575_deoB	Pentose phosphate pathway	deoB	6758.0	5929.0	5639.0	4484.0	4958.0	3977.0	6731.0	4742.0	4224.0	3756.0	4002.0	5300.0	4298.0	4506.0	4181.0	5051.0	4207.0	4622.0	5237.0	5069.0	4737.0	5551.0	3867.0	4036.0	5076.0	5977.0	5784.0	4009.0	5120.0	4475.0	4167.0	4792.0	3960.0	3599.0	4643.0	5067.0	5381.0	5482.0	4968.0	4639.0	3561.0	6077.0	4875.0	5067.0	4951.0	4077.0	3977.0	6460.0	4443.0	4444.0	4201.0	6036.0	3873.0	3895.0	4663.0	3832.0	3790.0	5104.0	4804.0	5116.0	5409.0	4442.0	3542.0	5235.0	3976.0	4594.0	4606.0	5021.0	5248.0	6016.0	4439.0	4916.0
1000565.METUNv1_01878_dut	Pyrimidine metabolism	dut	21934.0	24010.0	17034.0	17524.0	17923.0	19536.0	23772.0	23912.0	20040.0	23330.0	15033.0	18723.0	15965.0	14589.0	28579.0	25339.0	25827.0	23800.0	19157.0	30572.0	18678.0	20642.0	22519.0	16320.0	15818.0	16006.0	16914.0	14092.0	17377.0	15393.0	19220.0	16048.0	20801.0	15618.0	13635.0	14884.0	15513.0	19054.0	25569.0	17641.0	13921.0	22333.0	15558.0	16108.0	15725.0	12855.0	14797.0	20459.0	13511.0	13943.0	11283.0	17412.0	14264.0	11592.0	14666.0	10688.0	12142.0	16292.0	12857.0	15261.0	13456.0	12346.0	13107.0	16020.0	12175.0	14896.0	14253.0	14564.0	15772.0	17824.0	15319.0	20511.0
1461693.ATO10_09898_fomC	Phosphonate and phosphinate metabolism	fomC	1745.0	1490.0	1102.0	950.0	1123.0	828.0	1538.0	1462.0	875.0	706.0	1147.0	1138.0	856.0	1174.0	896.0	988.0	1331.0	1232.0	1494.0	1034.0	1139.0	1693.0	829.0	857.0	887.0	1233.0	1445.0	951.0	1099.0	1057.0	938.0	1351.0	975.0	840.0	848.0	1136.0	1053.0	1131.0	1544.0	1348.0	956.0	1458.0	1247.0	889.0	1223.0	919.0	925.0	1705.0	978.0	1268.0	788.0	1347.0	896.0	790.0	1191.0	787.0	898.0	1123.0	907.0	1099.0	1139.0	983.0	889.0	1161.0	1051.0	1182.0	1328.0	1374.0	1232.0	1586.0	1103.0	1225.0
taw:EI545_04265_gcd	Pentose phosphate pathway	gcd	88617.0	79855.0	91451.0	68862.0	69322.0	53467.0	95212.0	61665.0	50364.0	50745.0	69273.0	85324.0	70217.0	78030.0	39887.0	57797.0	49187.0	56961.0	71280.0	72645.0	79791.0	96107.0	48013.0	56953.0	69728.0	77983.0	101910.0	65224.0	77404.0	63186.0	65120.0	62787.0	51241.0	44584.0	80247.0	81055.0	89631.0	101186.0	55466.0	53503.0	45258.0	82753.0	75223.0	68587.0	92196.0	68318.0	48330.0	96772.0	63357.0	54779.0	69366.0	94366.0	57986.0	53552.0	75983.0	47962.0	52114.0	58183.0	86384.0	78486.0	92701.0	72763.0	39165.0	57696.0	61607.0	61217.0	68537.0	71212.0	88374.0	102877.0	59399.0	62559.0
taa:NMY3_00086_gdh	Pentose phosphate pathway	gdh	37347.0	32720.0	31348.0	24942.0	30578.0	22984.0	38170.0	32847.0	25012.0	20084.0	24432.0	30957.0	23544.0	28590.0	24184.0	31478.0	28797.0	28678.0	31040.0	28025.0	25698.0	36081.0	22070.0	23549.0	26023.0	31449.0	30962.0	23252.0	30134.0	25131.0	24244.0	28300.0	25784.0	21999.0	25593.0	28165.0	28752.0	30871.0	31787.0	27394.0	22187.0	37915.0	28254.0	29201.0	28817.0	25042.0	23861.0	35747.0	24741.0	27481.0	24043.0	33432.0	22901.0	21935.0	28575.0	22145.0	23756.0	31599.0	25485.0	28106.0	29926.0	23904.0	23226.0	31966.0	24397.0	30650.0	28260.0	30948.0	29220.0	36782.0	26443.0	29085.0
tab:CIG75_11850_glpQ	Organic phosphoester hydrolysis	glpQ	26618.0	22071.0	20253.0	17271.0	20027.0	14949.0	25654.0	22013.0	16055.0	12405.0	17406.0	21177.0	16339.0	22496.0	14382.0	19155.0	20075.0	17974.0	21932.0	19356.0	17916.0	26601.0	14598.0	16409.0	17473.0	21022.0	21307.0	15591.0	18650.0	17014.0	16385.0	18857.0	16627.0	14139.0	17106.0	18126.0	20190.0	20255.0	20723.0	17602.0	14602.0	23264.0	19007.0	19837.0	19684.0	17693.0	16849.0	26071.0	17289.0	19103.0	15812.0	23524.0	14696.0	14811.0	18616.0	13324.0	14471.0	20383.0	16979.0	20575.0	20629.0	16647.0	15147.0	20485.0	15186.0	20793.0	18745.0	21645.0	20599.0	26268.0	18314.0	20023.0
tbw:NCTC13354_00487_glpT	Transporters	glpT	3310.0	3025.0	3043.0	2478.0	3140.0	2276.0	4258.0	2749.0	2315.0	2103.0	2420.0	2680.0	2133.0	3117.0	1959.0	2944.0	2444.0	2692.0	3292.0	2935.0	3139.0	4279.0	2040.0	2580.0	2315.0	3084.0	3095.0	1830.0	3770.0	2893.0	2718.0	2869.0	2070.0	1858.0	2586.0	2599.0	3360.0	3706.0	2661.0	2610.0	2505.0	4508.0	2614.0	2938.0	3537.0	3164.0	2116.0	4542.0	2136.0	2476.0	2455.0	3436.0	2481.0	2215.0	2866.0	2030.0	2068.0	2400.0	2584.0	2852.0	3438.0	1973.0	1707.0	2897.0	2515.0	3381.0	2472.0	2781.0	3205.0	4529.0	2713.0	2763.0
taci:TDSAC_1074_gmk	Purine metabolism	gmk	13119.0	11517.0	10444.0	8803.0	10741.0	7985.0	14116.0	11153.0	9458.0	7984.0	8576.0	10215.0	8167.0	10345.0	9211.0	11241.0	10201.0	9044.0	10966.0	10267.0	9435.0	12176.0	8181.0	8272.0	9769.0	11022.0	10685.0	7848.0	11467.0	9094.0	9493.0	9905.0	9198.0	7834.0	8779.0	9414.0	10173.0	10415.0	12431.0	10403.0	8160.0	12557.0	10296.0	10365.0	10371.0	8170.0	9108.0	13580.0	9064.0	8924.0	7914.0	11381.0	8183.0	7791.0	10314.0	7489.0	8487.0	10966.0	8897.0	9314.0	10257.0	8133.0	8028.0	11635.0	8709.0	10009.0	9820.0	11052.0	10330.0	12161.0	10239.0	9614.0
tal:Thal_1580_gnd	Pentose phosphate pathway	gnd	54770.0	49034.0	46285.0	37731.0	47025.0	37431.0	60581.0	46666.0	39194.0	34896.0	36942.0	44617.0	37008.0	43456.0	38149.0	48906.0	42582.0	44433.0	45936.0	43407.0	42662.0	55145.0	35340.0	38383.0	40208.0	48401.0	48122.0	34654.0	49348.0	39701.0	40926.0	44006.0	41029.0	35090.0	40432.0	40163.0	45688.0	47046.0	50183.0	45267.0	36220.0	60345.0	44118.0	43317.0	45869.0	39685.0	38940.0	59477.0	38378.0	41312.0	36379.0	49221.0	37512.0	35733.0	44794.0	34086.0	38054.0	46289.0	39752.0	41828.0	45741.0	37666.0	35716.0	51535.0	40475.0	47325.0	42071.0	46713.0	47407.0	57178.0	42430.0	45640.0
ttf:THTE_1497_gnl	Pentose phosphate pathway	gnl	62641.0	52210.0	52489.0	41922.0	49147.0	35914.0	64165.0	52039.0	39006.0	32512.0	43473.0	52891.0	40237.0	51963.0	34641.0	49127.0	45263.0	44150.0	51068.0	48099.0	46714.0	63740.0	34395.0	37265.0	43288.0	49630.0	57245.0	39250.0	51715.0	41519.0	42688.0	46598.0	41817.0	33820.0	44162.0	45796.0	51500.0	56408.0	49376.0	41744.0	36123.0	59570.0	49183.0	45675.0	53878.0	42946.0	40223.0	62018.0	42091.0	44079.0	41321.0	56647.0	39925.0	35430.0	51307.0	33489.0	39310.0	44793.0	45037.0	46423.0	54506.0	41358.0	36533.0	49450.0	42670.0	48053.0	47891.0	53119.0	54357.0	65362.0	44905.0	43636.0
1001240.GY21_02770_gntK	Pentose phosphate pathway	gntK	36049.0	30374.0	29200.0	23114.0	28602.0	22171.0	37766.0	30587.0	23758.0	18344.0	23300.0	27995.0	21408.0	28955.0	22569.0	29413.0	29331.0	26062.0	29344.0	27230.0	25023.0	34517.0	20623.0	22575.0	23443.0	29622.0	29358.0	20907.0	29782.0	23561.0	24774.0	27282.0	25241.0	19962.0	23035.0	24970.0	27561.0	27594.0	32287.0	26713.0	21800.0	36050.0	26101.0	26845.0	26860.0	23848.0	24092.0	34363.0	23610.0	26318.0	21707.0	30592.0	22620.0	20038.0	27494.0	19637.0	23115.0	27675.0	23742.0	25664.0	29141.0	22798.0	21321.0	32889.0	23281.0	28708.0	26855.0	29686.0	29047.0	35619.0	25002.0	26976.0
taa:NMY3_03342_guaA	Purine metabolism	guaA	68062.0	59492.0	57316.0	49140.0	59343.0	45517.0	71913.0	60220.0	48591.0	41902.0	47745.0	57416.0	45543.0	55967.0	45186.0	56569.0	53648.0	53557.0	57967.0	53695.0	50578.0	65934.0	42947.0	44670.0	52633.0	58900.0	59510.0	44079.0	59047.0	50160.0	49572.0	52530.0	49610.0	44256.0	50253.0	52381.0	53931.0	56912.0	57647.0	51491.0	43748.0	68222.0	54432.0	54168.0	53851.0	46515.0	47007.0	69866.0	48271.0	50080.0	45085.0	62135.0	45433.0	45060.0	54031.0	41324.0	45218.0	57077.0	48887.0	52655.0	55807.0	45732.0	41859.0	56932.0	45460.0	55862.0	51481.0	59617.0	55077.0	65367.0	51203.0	54231.0
taa:NMY3_03356_guaB	Purine metabolism	guaB	65863.0	56760.0	56672.0	46213.0	54998.0	42420.0	69108.0	52873.0	44617.0	38699.0	45934.0	56887.0	43685.0	53353.0	38973.0	50075.0	48992.0	50245.0	56396.0	53142.0	49792.0	64469.0	40642.0	44186.0	50309.0	56283.0	58009.0	42351.0	54862.0	47293.0	46986.0	48172.0	46188.0	38957.0	48395.0	52741.0	52881.0	58030.0	52664.0	47923.0	41400.0	66835.0	51608.0	51262.0	52231.0	46291.0	42786.0	70159.0	46053.0	46011.0	43823.0	59047.0	41779.0	41745.0	51668.0	38499.0	41175.0	52015.0	48278.0	53827.0	54260.0	44186.0	36839.0	51961.0	42992.0	53862.0	49793.0	54080.0	53089.0	64124.0	46650.0	51321.0
O69060_htxA	Others	htxA	47.0	56.0	2.0	30.0	25.0	24.0	69.0	24.0	26.0	14.0	27.0	37.0	25.0	30.0	49.0	25.0	51.0	17.0	11.0	40.0	40.0	33.0	NA	42.0	68.0	45.0	64.0	31.0	36.0	35.0	28.0	51.0	15.0	29.0	30.0	52.0	31.0	36.0	5.0	9.0	14.0	48.0	35.0	39.0	72.0	29.0	3.0	35.0	8.0	16.0	5.0	21.0	39.0	5.0	37.0	12.0	15.0	14.0	29.0	41.0	53.0	29.0	19.0	16.0	13.0	24.0	41.0	28.0	42.0	14.0	23.0	16.0
1120792.JAFV01000001_gene657_htxB	Transporters	htxB	161.0	153.0	53.0	123.0	137.0	23.0	60.0	120.0	15.0	4.0	47.0	193.0	46.0	38.0	9.0	6.0	15.0	34.0	30.0	40.0	150.0	202.0	15.0	87.0	78.0	99.0	60.0	47.0	107.0	24.0	141.0	37.0	77.0	10.0	138.0	44.0	94.0	211.0	35.0	23.0	25.0	81.0	48.0	47.0	173.0	149.0	72.0	189.0	97.0	102.0	45.0	165.0	45.0	96.0	147.0	21.0	8.0	12.0	155.0	44.0	176.0	39.0	14.0	5.0	98.0	38.0	31.0	105.0	20.0	210.0	91.0	46.0
1001585.MDS_4794_lysR	Others	lysR	46137.0	40052.0	39200.0	31996.0	37828.0	31174.0	53779.0	44625.0	33942.0	24603.0	32693.0	38227.0	28078.0	38489.0	30866.0	34299.0	36391.0	36232.0	43777.0	42016.0	34914.0	48057.0	25469.0	27191.0	31123.0	34404.0	40958.0	29097.0	40517.0	34353.0	35408.0	39341.0	35620.0	25714.0	33004.0	33975.0	38412.0	40078.0	43701.0	32342.0	28967.0	47534.0	38352.0	35470.0	40462.0	31838.0	32582.0	43190.0	32359.0	37916.0	29845.0	41780.0	32439.0	29001.0	40890.0	25938.0	32381.0	36209.0	35629.0	36018.0	39704.0	30861.0	29384.0	42384.0	34417.0	39450.0	39028.0	39781.0	43527.0	53228.0	34414.0	31174.0
436308.Nmar_0155_mpnS	Phosphonate and phosphinate metabolism	mpnS	NA	NA	NA	NA	NA	NA	NA	NA	NA	NA	NA	NA	NA	NA	2.0	3.0	NA	2.0	NA	NA	NA	NA	NA	NA	NA	3.0	NA	NA	NA	NA	NA	NA	NA	NA	NA	NA	NA	NA	NA	NA	NA	NA	NA	NA	NA	NA	NA	NA	NA	3.0	NA	NA	NA	NA	NA	NA	NA	NA	NA	NA	NA	NA	NA	5.0	NA	NA	NA	NA	NA	NA	NA	NA
taa:NMY3_00937_ndk	Purine metabolism	ndk	12156.0	11069.0	10627.0	9155.0	11198.0	8916.0	13618.0	11149.0	9020.0	7770.0	9594.0	10672.0	7948.0	10663.0	8688.0	10717.0	10350.0	10252.0	10479.0	10248.0	9742.0	12716.0	8123.0	8655.0	9447.0	11209.0	11473.0	8385.0	11319.0	9567.0	9371.0	9696.0	9286.0	8113.0	9822.0	9854.0	9900.0	10748.0	10782.0	9721.0	8120.0	12953.0	10266.0	9815.0	10501.0	9194.0	9411.0	13925.0	9017.0	9607.0	8355.0	11698.0	8160.0	8327.0	10098.0	7447.0	8486.0	10795.0	8910.0	10042.0	10280.0	8214.0	7938.0	11161.0	8408.0	10724.0	9868.0	10711.0	10562.0	13098.0	9848.0	10443.0
tat:KUM_0017_nrdA	Pyrimidine metabolism	nrdA	11834.0	10235.0	9037.0	8694.0	10908.0	8866.0	13471.0	12396.0	11302.0	8379.0	10924.0	10304.0	7098.0	12456.0	10347.0	10325.0	13076.0	9771.0	11766.0	11314.0	9478.0	12036.0	7522.0	7238.0	9614.0	8736.0	9994.0	7668.0	11745.0	9195.0	10982.0	10687.0	12100.0	9920.0	8595.0	8283.0	9342.0	8908.0	12936.0	9584.0	10113.0	12168.0	10402.0	10358.0	10536.0	7935.0	8818.0	11109.0	9245.0	9865.0	7514.0	10600.0	9046.0	7975.0	10306.0	7796.0	9707.0	11391.0	8718.0	9324.0	9601.0	8136.0	8709.0	10773.0	9219.0	10825.0	11013.0	12211.0	9414.0	10267.0	10168.0	8349.0
tbn:TBH_C0606_nrdB	Pyrimidine metabolism	nrdB	4870.0	3402.0	3369.0	2996.0	3849.0	3149.0	4468.0	4912.0	4826.0	2849.0	4186.0	3344.0	3290.0	4742.0	5874.0	3513.0	5105.0	3629.0	5414.0	4155.0	8913.0	3765.0	5992.0	2444.0	3422.0	3006.0	3201.0	2693.0	4032.0	3006.0	4071.0	3727.0	4593.0	3598.0	3114.0	2580.0	3004.0	2967.0	5335.0	3769.0	3705.0	3841.0	3987.0	3645.0	4811.0	2467.0	4071.0	3626.0	3839.0	3668.0	2711.0	3682.0	3583.0	2955.0	3695.0	2728.0	3774.0	4147.0	2998.0	2948.0	3114.0	2512.0	6565.0	4625.0	3073.0	3690.0	4534.0	4508.0	4092.0	3484.0	4478.0	2855.0
tbw:NCTC13354_01124_nrdD	Pyrimidine metabolism	nrdD	1056.0	1033.0	1035.0	832.0	807.0	774.0	1271.0	1118.0	613.0	566.0	888.0	1134.0	554.0	902.0	704.0	614.0	1302.0	908.0	1277.0	906.0	754.0	899.0	469.0	674.0	713.0	724.0	989.0	546.0	769.0	861.0	806.0	731.0	628.0	719.0	704.0	846.0	815.0	925.0	836.0	553.0	802.0	791.0	753.0	733.0	751.0	674.0	551.0	945.0	823.0	1204.0	641.0	952.0	505.0	759.0	794.0	444.0	512.0	755.0	588.0	932.0	707.0	739.0	575.0	836.0	533.0	667.0	823.0	945.0	832.0	875.0	514.0	573.0
tbw:NCTC13354_01093_nrdE	Pyrimidine metabolism	nrdE	1774.0	1468.0	1518.0	1609.0	1818.0	1314.0	1899.0	2877.0	1412.0	956.0	1699.0	1582.0	1084.0	2349.0	1355.0	1450.0	2483.0	1694.0	1775.0	1898.0	1375.0	1731.0	1137.0	1210.0	1217.0	1291.0	1295.0	1215.0	1623.0	1449.0	1247.0	1787.0	1493.0	1595.0	1252.0	1181.0	1323.0	1286.0	1504.0	1478.0	1553.0	1888.0	1494.0	1790.0	1295.0	1356.0	1666.0	1494.0	1446.0	1624.0	1208.0	1654.0	1396.0	1476.0	1469.0	1378.0	1293.0	1729.0	1087.0	1398.0	1303.0	1151.0	1379.0	1959.0	1327.0	1974.0	1684.0	2607.0	1370.0	1637.0	1396.0	1409.0
tbw:NCTC13354_01106_nrdF	Pyrimidine metabolism	nrdF	3653.0	2971.0	2896.0	2475.0	3255.0	2463.0	3507.0	3751.0	2320.0	2041.0	2592.0	2739.0	2091.0	3212.0	2425.0	2668.0	3480.0	3088.0	3022.0	2946.0	2758.0	3221.0	2595.0	2064.0	2306.0	2542.0	2647.0	2039.0	2999.0	2461.0	2491.0	2817.0	2488.0	2365.0	2187.0	2445.0	2785.0	2387.0	3072.0	2477.0	2234.0	3526.0	2622.0	2850.0	2347.0	2421.0	2708.0	3460.0	2745.0	2648.0	2255.0	3165.0	2437.0	2344.0	2779.0	2222.0	2379.0	3196.0	2494.0	2591.0	2594.0	2257.0	2254.0	2975.0	2249.0	3029.0	2823.0	3355.0	2787.0	3335.0	2850.0	3050.0
taw:EI545_19665_nrdJ	Pyrimidine metabolism	nrdJ	50608.0	44398.0	43767.0	36251.0	42120.0	33240.0	52112.0	42932.0	37111.0	32312.0	36448.0	41738.0	35104.0	38797.0	34531.0	42340.0	38244.0	39508.0	42221.0	40715.0	38624.0	46625.0	32625.0	33735.0	40384.0	43996.0	44042.0	33252.0	43497.0	37127.0	37144.0	40029.0	37108.0	33282.0	38568.0	39068.0	41150.0	42460.0	43938.0	38818.0	33406.0	48380.0	41452.0	40645.0	41352.0	34688.0	35555.0	51446.0	37167.0	37563.0	34701.0	45873.0	35094.0	32878.0	40016.0	31690.0	35730.0	43326.0	37533.0	40020.0	42030.0	34514.0	32292.0	42855.0	35113.0	40706.0	39537.0	41996.0	41972.0	47245.0	39491.0	39781.0
tdl:TDEL_0F00200_olpA	Organic phosphoester hydrolysis	olpA	NA	NA	NA	NA	NA	NA	NA	2.0	11.0	9.0	6.0	14.0	3.0	13.0	2.0	5.0	3.0	2.0	NA	6.0	NA	11.0	6.0	NA	41.0	7.0	3.0	2.0	2.0	1.0	4.0	NA	2.0	9.0	NA	NA	NA	NA	2.0	5.0	21.0	33.0	11.0	14.0	2.0	NA	4.0	NA	NA	4.0	NA	NA	8.0	NA	NA	NA	3.0	1.0	14.0	NA	NA	NA	2.0	NA	NA	3.0	NA	3.0	3.0	NA	NA	12.0
tsm:ASU32_10025_opd	Organic phosphoester hydrolysis	opd	3794.0	3289.0	3391.0	2580.0	3008.0	2071.0	3999.0	2977.0	2353.0	1972.0	2334.0	3266.0	2524.0	2955.0	2190.0	3079.0	2581.0	2761.0	3166.0	2906.0	2815.0	3403.0	2376.0	2377.0	2907.0	3287.0	3694.0	2270.0	3183.0	2566.0	2303.0	2714.0	2340.0	2131.0	2770.0	2838.0	3224.0	3352.0	2937.0	2971.0	1968.0	3479.0	2798.0	3099.0	2943.0	2511.0	2136.0	3852.0	2511.0	2488.0	2452.0	3530.0	2272.0	2279.0	2927.0	2055.0	2199.0	3030.0	2872.0	2722.0	3209.0	2593.0	2253.0	3486.0	2456.0	3006.0	2738.0	3005.0	3406.0	3931.0	2595.0	2854.0
A0A076P1E9_pafA	Organic phosphoester hydrolysis	pafA	609.0	672.0	537.0	459.0	595.0	529.0	964.0	445.0	361.0	473.0	680.0	648.0	501.0	740.0	359.0	490.0	437.0	447.0	643.0	433.0	812.0	878.0	497.0	573.0	753.0	627.0	693.0	431.0	587.0	450.0	480.0	454.0	393.0	428.0	600.0	575.0	624.0	755.0	458.0	361.0	417.0	663.0	459.0	495.0	747.0	527.0	372.0	988.0	440.0	540.0	447.0	639.0	369.0	436.0	748.0	353.0	462.0	483.0	735.0	645.0	593.0	597.0	337.0	654.0	448.0	409.0	580.0	519.0	769.0	796.0	487.0	577.0
1001530.BACE01000027_gene941_pbfA	Phosphonate and phosphinate metabolism	pbfA	45125.0	39707.0	39217.0	31850.0	39556.0	29681.0	48528.0	39602.0	32407.0	27585.0	31993.0	38709.0	30408.0	36786.0	30158.0	36910.0	34136.0	33985.0	39148.0	35587.0	33307.0	43328.0	27404.0	29453.0	34995.0	38798.0	38632.0	29109.0	38442.0	32064.0	32356.0	34460.0	32792.0	28697.0	32531.0	34449.0	36879.0	36232.0	40823.0	35503.0	28363.0	45404.0	36289.0	35770.0	35696.0	31126.0	29292.0	46714.0	31447.0	33570.0	30045.0	42358.0	29226.0	28999.0	33907.0	26253.0	29649.0	37865.0	33422.0	35245.0	37060.0	30864.0	27566.0	39108.0	30941.0	36859.0	35166.0	38488.0	37034.0	43160.0	32278.0	34890.0
taa:NMY3_03308_pckA	Pyruvate metabolism	pckA	15111.0	14009.0	13175.0	10627.0	12756.0	10348.0	16334.0	12050.0	10491.0	9524.0	10832.0	12680.0	10550.0	11780.0	10075.0	12415.0	10487.0	11377.0	12213.0	12029.0	12468.0	14903.0	9702.0	10364.0	12723.0	13645.0	13734.0	10192.0	13564.0	11646.0	11288.0	11925.0	10386.0	9781.0	11779.0	12392.0	12343.0	13356.0	12544.0	11046.0	9601.0	14921.0	12467.0	11467.0	13035.0	10786.0	10602.0	16733.0	10936.0	11216.0	10228.0	13172.0	10276.0	9859.0	12350.0	9246.0	9963.0	12065.0	11336.0	12096.0	12658.0	10245.0	8821.0	11782.0	10520.0	11880.0	11686.0	11970.0	13555.0	15279.0	12179.0	12233.0
tak:Tharo_0861_pckG	Pyruvate metabolism	pckG	30097.0	26604.0	24867.0	21673.0	26101.0	20012.0	30715.0	28224.0	22241.0	18371.0	22607.0	25803.0	20503.0	26354.0	21985.0	25487.0	25961.0	23982.0	26219.0	24938.0	23125.0	29073.0	20113.0	19728.0	22479.0	25353.0	25214.0	20122.0	25536.0	21731.0	21944.0	24415.0	23374.0	20185.0	22052.0	22281.0	23837.0	24612.0	26584.0	22948.0	20875.0	29296.0	24161.0	24507.0	24170.0	21120.0	22253.0	30677.0	21681.0	23140.0	19570.0	28320.0	20777.0	19725.0	23795.0	19219.0	21389.0	26960.0	21759.0	23390.0	24818.0	20295.0	20388.0	26488.0	20436.0	25701.0	23645.0	27406.0	24329.0	28036.0	23695.0	24698.0
tcr:511589.140_pepM	Phosphonate and phosphinate metabolism	pepM	12115.0	10926.0	9606.0	8326.0	10234.0	7926.0	13169.0	11345.0	9112.0	7662.0	8862.0	10318.0	8016.0	10121.0	8894.0	10443.0	9976.0	9281.0	11304.0	9733.0	9109.0	12189.0	7408.0	8419.0	8919.0	10614.0	10283.0	7405.0	10183.0	9191.0	8808.0	10216.0	8508.0	7467.0	8851.0	9262.0	9168.0	10677.0	10881.0	9628.0	8026.0	12463.0	10261.0	9769.0	10479.0	8821.0	9028.0	13760.0	7834.0	9473.0	7442.0	10350.0	7898.0	7568.0	9541.0	7342.0	8645.0	10128.0	9015.0	9345.0	9807.0	7983.0	7917.0	10715.0	8260.0	10185.0	9367.0	10161.0	10586.0	12905.0	9673.0	10012.0
1080067.BAZH01000028_gene1198_pgtA	Two-component system	pgtA	3460.0	2750.0	3568.0	2699.0	2984.0	2526.0	3721.0	2910.0	2474.0	2208.0	2946.0	3330.0	2533.0	3093.0	2153.0	2332.0	2474.0	2384.0	3359.0	3402.0	3365.0	3562.0	2014.0	2484.0	2771.0	2836.0	3773.0	2419.0	3265.0	2615.0	2735.0	2360.0	2482.0	1956.0	2939.0	3249.0	3316.0	3499.0	2846.0	1730.0	2209.0	3258.0	3123.0	2860.0	3080.0	2640.0	2454.0	3411.0	2837.0	2296.0	2711.0	3495.0	2576.0	2456.0	3290.0	2079.0	2249.0	2411.0	3007.0	2824.0	3630.0	2556.0	1552.0	1983.0	2431.0	2384.0	3074.0	3158.0	3196.0	4057.0	2438.0	2549.0
1080067.BAZH01000028_gene1199_pgtB	Two-component system	pgtB	2095.0	2063.0	2072.0	1722.0	1589.0	1201.0	2600.0	1663.0	1176.0	998.0	1266.0	2161.0	1580.0	2074.0	1116.0	1531.0	1410.0	1617.0	1975.0	1626.0	2005.0	2454.0	1249.0	1372.0	1521.0	1983.0	2314.0	1597.0	2003.0	1505.0	1788.0	1904.0	1179.0	856.0	1788.0	1649.0	2064.0	1906.0	1462.0	1188.0	1056.0	1869.0	1771.0	1782.0	1931.0	1619.0	1488.0	2266.0	1419.0	1448.0	1900.0	2126.0	1341.0	1323.0	2051.0	1324.0	1199.0	1722.0	1847.0	1874.0	1975.0	1618.0	898.0	1162.0	1335.0	1545.0	1842.0	1855.0	2179.0	2373.0	1689.0	1639.0
1089447.RHAA1_01574_pgtC	Two-component system	pgtC	348.0	190.0	448.0	360.0	125.0	168.0	259.0	160.0	75.0	103.0	340.0	533.0	387.0	481.0	100.0	109.0	122.0	113.0	241.0	229.0	418.0	599.0	130.0	319.0	346.0	223.0	604.0	254.0	148.0	199.0	149.0	123.0	126.0	103.0	349.0	515.0	493.0	678.0	89.0	108.0	141.0	217.0	288.0	192.0	474.0	331.0	135.0	609.0	271.0	108.0	417.0	455.0	144.0	117.0	120.0	98.0	119.0	136.0	500.0	464.0	484.0	389.0	91.0	131.0	80.0	107.0	280.0	268.0	461.0	615.0	262.0	259.0
1095749.HMPREF1052_0268_pgtP	Transporters	pgtP	404.0	686.0	341.0	128.0	383.0	350.0	671.0	274.0	168.0	307.0	137.0	412.0	164.0	156.0	197.0	298.0	295.0	195.0	665.0	246.0	135.0	301.0	210.0	110.0	441.0	341.0	338.0	191.0	469.0	351.0	255.0	510.0	385.0	336.0	262.0	155.0	236.0	280.0	402.0	339.0	277.0	598.0	375.0	318.0	390.0	197.0	159.0	561.0	139.0	716.0	74.0	302.0	178.0	199.0	373.0	182.0	278.0	208.0	186.0	154.0	219.0	346.0	176.0	727.0	296.0	427.0	223.0	306.0	194.0	496.0	214.0	270.0
thas:C6Y53_07950_phnA	Phosphonate and phosphinate metabolism	phnA	2070.0	1804.0	2023.0	1499.0	1715.0	1291.0	2225.0	1658.0	1550.0	1246.0	1581.0	1892.0	1480.0	1842.0	1122.0	1508.0	1548.0	1717.0	1702.0	1791.0	1830.0	2146.0	1274.0	1336.0	1715.0	1976.0	2080.0	1270.0	1793.0	1723.0	1461.0	1469.0	1575.0	1160.0	1541.0	2106.0	2044.0	2035.0	1745.0	1703.0	1254.0	2041.0	1775.0	1707.0	2047.0	1344.0	1501.0	2537.0	1367.0	1385.0	1428.0	2110.0	1356.0	1193.0	1725.0	1171.0	1467.0	1697.0	1858.0	1562.0	1960.0	1449.0	1205.0	1663.0	1244.0	1816.0	1623.0	1920.0	2095.0	2242.0	1824.0	1564.0
tab:CIG75_15320_phnC	Transporters	phnC	4843.0	4206.0	4363.0	3706.0	4363.0	3373.0	5284.0	5182.0	3864.0	3115.0	3715.0	4111.0	3284.0	4126.0	3472.0	4094.0	4291.0	3576.0	4774.0	4309.0	3883.0	4822.0	3276.0	3122.0	3742.0	3790.0	4496.0	3366.0	4355.0	3726.0	3553.0	4548.0	4098.0	3164.0	3712.0	3809.0	4120.0	4302.0	4586.0	4046.0	3301.0	4792.0	4448.0	3958.0	4201.0	3434.0	3425.0	5054.0	3602.0	4429.0	3481.0	4759.0	3677.0	3401.0	4044.0	3007.0	3650.0	4267.0	3758.0	3848.0	4117.0	3684.0	3353.0	4522.0	3684.0	4376.0	4244.0	5100.0	4588.0	5294.0	4288.0	3973.0
1006000.GKAS_00596_phnD	Transporters	phnD	2091.0	1878.0	1903.0	1577.0	1696.0	1471.0	2263.0	1827.0	1359.0	1253.0	1630.0	1783.0	1623.0	1810.0	1256.0	1334.0	1535.0	1474.0	1999.0	2079.0	1975.0	2197.0	1191.0	1568.0	1779.0	1775.0	2056.0	1372.0	1695.0	1635.0	1623.0	1523.0	1549.0	1253.0	1838.0	1707.0	2001.0	2279.0	1633.0	1360.0	1221.0	1881.0	1877.0	1843.0	2027.0	1680.0	1596.0	2472.0	1636.0	1717.0	1537.0	2028.0	1537.0	1174.0	1647.0	1224.0	1345.0	1416.0	1739.0	1423.0	1981.0	1643.0	1334.0	1628.0	1358.0	1581.0	1693.0	1991.0	2205.0	2306.0	1717.0	1506.0
102129.Lepto7375DRAFT_1848_phnD_phosphite	Transporters	phnD_phosphite	941.0	654.0	910.0	737.0	733.0	730.0	1140.0	694.0	543.0	475.0	858.0	882.0	854.0	920.0	499.0	646.0	617.0	611.0	958.0	1086.0	828.0	1138.0	467.0	734.0	757.0	801.0	1185.0	653.0	603.0	698.0	693.0	650.0	464.0	381.0	737.0	930.0	1084.0	1037.0	727.0	449.0	449.0	936.0	852.0	806.0	988.0	694.0	571.0	992.0	643.0	499.0	839.0	968.0	686.0	567.0	777.0	499.0	415.0	592.0	661.0	801.0	876.0	854.0	349.0	588.0	429.0	536.0	911.0	773.0	875.0	1071.0	432.0	890.0
tab:CIG75_15310_phnE	Transporters	phnE	3105.0	2678.0	2534.0	2067.0	2586.0	2459.0	3585.0	3037.0	2371.0	1918.0	2340.0	2652.0	2156.0	2429.0	2318.0	2423.0	2524.0	2326.0	2794.0	3024.0	2560.0	2990.0	1887.0	2060.0	2515.0	2445.0	2900.0	2006.0	2906.0	2373.0	2491.0	2496.0	2692.0	1942.0	2524.0	2543.0	2735.0	2878.0	2946.0	2216.0	1944.0	2984.0	2809.0	2679.0	2941.0	2117.0	2243.0	3044.0	2442.0	2654.0	2141.0	2819.0	2468.0	2032.0	2785.0	1675.0	2420.0	2445.0	2370.0	2417.0	2716.0	1997.0	2206.0	2700.0	2434.0	2587.0	2925.0	2744.0	3067.0	3188.0	2682.0	2131.0
taw:EI545_16395_phnF	Others	phnF	8812.0	7125.0	6724.0	5080.0	6491.0	5307.0	8378.0	7957.0	6309.0	4218.0	5198.0	6598.0	4866.0	6456.0	6041.0	7757.0	7165.0	6773.0	6953.0	6884.0	5515.0	7539.0	4749.0	4893.0	5345.0	6371.0	5927.0	5016.0	6329.0	5248.0	5446.0	6436.0	6069.0	4969.0	5137.0	5321.0	5799.0	6050.0	8384.0	7196.0	5101.0	8651.0	5716.0	6528.0	5854.0	5161.0	5277.0	7440.0	5605.0	7264.0	4870.0	7432.0	5228.0	4931.0	6353.0	4692.0	5707.0	7059.0	5278.0	6189.0	6427.0	4747.0	6358.0	9308.0	5840.0	7918.0	6288.0	7422.0	6259.0	8121.0	5636.0	6455.0
taw:EI545_16400_phnG	Phosphonate and phosphinate metabolism	phnG	284.0	191.0	169.0	140.0	151.0	167.0	258.0	241.0	205.0	101.0	126.0	165.0	102.0	181.0	220.0	164.0	203.0	168.0	246.0	207.0	156.0	182.0	136.0	132.0	152.0	127.0	215.0	124.0	206.0	146.0	166.0	211.0	195.0	163.0	106.0	174.0	141.0	152.0	279.0	142.0	143.0	202.0	168.0	159.0	166.0	92.0	178.0	158.0	193.0	209.0	151.0	184.0	188.0	109.0	198.0	125.0	224.0	176.0	157.0	230.0	161.0	132.0	208.0	221.0	188.0	184.0	264.0	215.0	237.0	232.0	196.0	115.0
taw:EI545_05200_phnH	Phosphonate and phosphinate metabolism	phnH	263.0	274.0	455.0	191.0	220.0	187.0	306.0	261.0	416.0	133.0	377.0	474.0	303.0	495.0	320.0	216.0	176.0	285.0	373.0	527.0	221.0	278.0	160.0	292.0	184.0	179.0	313.0	168.0	255.0	296.0	355.0	267.0	223.0	151.0	174.0	181.0	200.0	147.0	492.0	175.0	197.0	258.0	252.0	196.0	185.0	470.0	236.0	194.0	249.0	289.0	155.0	380.0	181.0	170.0	311.0	117.0	394.0	200.0	231.0	436.0	236.0	420.0	249.0	280.0	505.0	466.0	269.0	317.0	228.0	432.0	319.0	151.0
taw:EI545_05195_phnI	Phosphonate and phosphinate metabolism	phnI	1417.0	1145.0	1175.0	908.0	1058.0	806.0	1484.0	1393.0	1033.0	778.0	922.0	997.0	888.0	1064.0	1045.0	1208.0	1126.0	1067.0	1296.0	1155.0	927.0	1242.0	800.0	807.0	931.0	1013.0	969.0	744.0	1073.0	931.0	941.0	1218.0	1066.0	943.0	838.0	950.0	953.0	1111.0	1438.0	1084.0	830.0	1240.0	1121.0	1050.0	1152.0	959.0	1078.0	1372.0	1099.0	1283.0	760.0	1120.0	885.0	801.0	1266.0	741.0	1090.0	1156.0	902.0	949.0	1113.0	954.0	1144.0	1338.0	964.0	1241.0	1185.0	1192.0	1146.0	1424.0	1069.0	835.0
taw:EI545_05190_phnJ	Phosphonate and phosphinate metabolism	phnJ	756.0	613.0	535.0	468.0	577.0	529.0	940.0	874.0	686.0	458.0	605.0	682.0	420.0	536.0	550.0	570.0	707.0	527.0	680.0	706.0	544.0	560.0	407.0	438.0	586.0	473.0	602.0	446.0	661.0	524.0	594.0	667.0	704.0	577.0	525.0	488.0	541.0	480.0	985.0	582.0	482.0	653.0	681.0	588.0	604.0	438.0	569.0	568.0	585.0	739.0	472.0	574.0	637.0	520.0	676.0	479.0	804.0	611.0	516.0	641.0	546.0	458.0	674.0	660.0	631.0	592.0	695.0	678.0	645.0	789.0	732.0	418.0
taw:EI545_05185_phnK	Phosphonate and phosphinate metabolism	phnK	615.0	558.0	476.0	403.0	578.0	441.0	681.0	696.0	517.0	360.0	453.0	521.0	407.0	450.0	472.0	458.0	615.0	470.0	580.0	538.0	487.0	565.0	426.0	338.0	448.0	457.0	490.0	370.0	542.0	422.0	433.0	547.0	594.0	423.0	357.0	418.0	480.0	476.0	690.0	476.0	445.0	551.0	581.0	437.0	510.0	349.0	444.0	517.0	484.0	593.0	367.0	533.0	450.0	348.0	553.0	354.0	583.0	538.0	477.0	463.0	510.0	375.0	529.0	589.0	526.0	498.0	622.0	555.0	594.0	571.0	559.0	414.0
taw:EI545_05180_phnL	Phosphonate and phosphinate metabolism	phnL	606.0	453.0	400.0	338.0	376.0	429.0	635.0	645.0	441.0	348.0	388.0	416.0	297.0	382.0	480.0	452.0	452.0	429.0	530.0	553.0	396.0	456.0	300.0	283.0	367.0	322.0	365.0	304.0	407.0	385.0	333.0	484.0	483.0	385.0	286.0	344.0	334.0	325.0	611.0	415.0	299.0	476.0	468.0	388.0	393.0	326.0	451.0	459.0	376.0	768.0	294.0	339.0	369.0	320.0	434.0	282.0	436.0	331.0	295.0	461.0	317.0	300.0	417.0	483.0	520.0	485.0	481.0	440.0	503.0	528.0	508.0	274.0
taw:EI545_05165_phnM	Phosphonate and phosphinate metabolism	phnM	5669.0	4589.0	3990.0	3578.0	4621.0	3550.0	5783.0	5124.0	4137.0	3262.0	4475.0	4526.0	3224.0	4595.0	4110.0	4351.0	4942.0	4234.0	4925.0	4731.0	4170.0	5545.0	3323.0	3612.0	4109.0	3750.0	4724.0	3351.0	5355.0	3878.0	3979.0	4349.0	4666.0	3509.0	4176.0	3606.0	4163.0	4354.0	5520.0	3812.0	3913.0	5248.0	4541.0	4149.0	4396.0	3585.0	3893.0	5297.0	4600.0	4196.0	2930.0	4947.0	4033.0	3064.0	4708.0	2895.0	4363.0	4386.0	3928.0	3825.0	4174.0	3119.0	3763.0	4508.0	4174.0	4557.0	4808.0	4678.0	4692.0	5039.0	4621.0	3683.0
taw:EI545_16430_phnN	Phosphonate and phosphinate metabolism	phnN	1253.0	1084.0	961.0	795.0	940.0	839.0	1206.0	1185.0	876.0	598.0	810.0	895.0	685.0	879.0	766.0	1006.0	918.0	948.0	1076.0	1122.0	777.0	1025.0	655.0	720.0	858.0	1038.0	1023.0	772.0	1076.0	907.0	923.0	954.0	1066.0	720.0	722.0	826.0	923.0	912.0	1439.0	974.0	819.0	1107.0	1134.0	855.0	960.0	612.0	857.0	1097.0	905.0	1016.0	680.0	1014.0	852.0	670.0	1100.0	703.0	943.0	902.0	766.0	887.0	883.0	695.0	859.0	1107.0	1251.0	837.0	1073.0	1140.0	1123.0	1079.0	1019.0	857.0
1006000.GKAS_04075_phnO	Phosphonate and phosphinate metabolism	phnO	2391.0	2220.0	1957.0	1633.0	1837.0	1403.0	2624.0	2076.0	1521.0	1227.0	1773.0	1942.0	1670.0	2114.0	1490.0	2041.0	1812.0	1677.0	2064.0	1873.0	1751.0	2440.0	1564.0	1494.0	1437.0	2022.0	1952.0	1334.0	1976.0	1553.0	1516.0	1875.0	1644.0	1261.0	1567.0	1648.0	2008.0	1887.0	1955.0	1810.0	1548.0	2355.0	1850.0	1722.0	1904.0	1839.0	1788.0	2479.0	1320.0	1680.0	1396.0	2047.0	1696.0	1383.0	1806.0	1466.0	1422.0	1998.0	1579.0	1970.0	1986.0	1560.0	1327.0	2411.0	1498.0	1935.0	1859.0	1978.0	2284.0	2492.0	1786.0	2051.0
1001585.MDS_1779_phnP	Phosphonate and phosphinate metabolism	phnP	7104.0	6507.0	5369.0	4642.0	5963.0	4267.0	7927.0	5839.0	5149.0	4593.0	4475.0	5280.0	4105.0	5403.0	4538.0	6294.0	5107.0	5329.0	5755.0	4906.0	5599.0	7142.0	4846.0	4736.0	5437.0	5827.0	5848.0	4119.0	6144.0	5226.0	4614.0	5366.0	4695.0	4109.0	4866.0	4968.0	5442.0	5804.0	6041.0	5608.0	4300.0	7317.0	5831.0	5321.0	5910.0	4563.0	4723.0	7973.0	4309.0	4681.0	4172.0	5924.0	4191.0	4429.0	5423.0	3710.0	4312.0	5643.0	4770.0	4867.0	5180.0	4212.0	4118.0	6337.0	4579.0	5770.0	5164.0	4899.0	6040.0	6988.0	5722.0	5440.0
1001240.GY21_01875_phnPP	Phosphonate and phosphinate metabolism	phnPP	6760.0	6031.0	5468.0	4801.0	5672.0	3525.0	6854.0	6272.0	4439.0	3794.0	4843.0	5158.0	4313.0	5654.0	4441.0	6150.0	5843.0	5001.0	5323.0	4909.0	4789.0	6541.0	4290.0	4385.0	4549.0	6439.0	5808.0	4375.0	5405.0	4946.0	4422.0	5304.0	4351.0	4035.0	4532.0	4694.0	5278.0	5365.0	6113.0	5258.0	4324.0	6388.0	5053.0	5314.0	5424.0	4606.0	4964.0	7428.0	4526.0	4937.0	4214.0	6266.0	4216.0	4171.0	5526.0	3900.0	4225.0	6236.0	4593.0	5287.0	6012.0	4324.0	4274.0	6432.0	4103.0	5709.0	5172.0	5688.0	5467.0	6523.0	5379.0	5770.0
A0A0J2K9Y3_phnR	Others	phnR	74.0	41.0	25.0	11.0	8.0	13.0	33.0	14.0	36.0	14.0	27.0	58.0	2.0	42.0	63.0	39.0	10.0	11.0	11.0	32.0	35.0	29.0	20.0	3.0	14.0	53.0	36.0	31.0	12.0	27.0	6.0	18.0	10.0	5.0	2.0	58.0	69.0	70.0	67.0	43.0	26.0	60.0	41.0	46.0	51.0	24.0	14.0	41.0	12.0	24.0	39.0	93.0	13.0	26.0	30.0	15.0	19.0	38.0	47.0	28.0	63.0	27.0	33.0	55.0	34.0	62.0	43.0	31.0	13.0	35.0	10.0	33.0
tsm:ASU32_11405_phnS	Transporters	phnS	3956.0	3132.0	3626.0	3172.0	2966.0	2268.0	3811.0	2578.0	1849.0	1561.0	2580.0	3986.0	2713.0	3345.0	1391.0	1925.0	1810.0	1996.0	3842.0	3103.0	3718.0	4397.0	1879.0	2619.0	2807.0	3285.0	4006.0	2575.0	2932.0	2546.0	2586.0	2298.0	1633.0	1859.0	3420.0	3346.0	4097.0	4602.0	1898.0	1519.0	1793.0	3482.0	3055.0	2948.0	4177.0	3431.0	2114.0	4594.0	2584.0	2688.0	3400.0	4003.0	2088.0	2214.0	3155.0	2031.0	1674.0	2335.0	3194.0	2872.0	3900.0	3029.0	1460.0	1817.0	1932.0	2604.0	2733.0	2922.0	4005.0	4689.0	2718.0	2755.0
tpr:Tpau_2098_phnT	Transporters	phnT	65.0	21.0	47.0	18.0	23.0	32.0	83.0	31.0	65.0	28.0	50.0	22.0	49.0	72.0	113.0	88.0	63.0	71.0	36.0	24.0	11.0	50.0	28.0	36.0	27.0	30.0	54.0	47.0	52.0	61.0	31.0	51.0	64.0	82.0	51.0	66.0	66.0	66.0	115.0	98.0	49.0	46.0	20.0	55.0	52.0	30.0	51.0	74.0	38.0	37.0	55.0	53.0	19.0	62.0	24.0	23.0	50.0	82.0	69.0	66.0	47.0	79.0	89.0	96.0	59.0	50.0	24.0	69.0	45.0	40.0	23.0	27.0
tsm:ASU32_11395_phnU	Transporters	phnU	2388.0	2129.0	1991.0	1600.0	2009.0	1639.0	2719.0	2477.0	1601.0	1394.0	2057.0	2007.0	1769.0	2104.0	1676.0	1707.0	1877.0	1758.0	1844.0	2077.0	2074.0	2196.0	1438.0	1529.0	2038.0	1995.0	2507.0	1531.0	2247.0	1789.0	1837.0	1974.0	2001.0	1518.0	2082.0	1696.0	2202.0	2078.0	2419.0	1949.0	1345.0	2120.0	2100.0	2073.0	2250.0	1575.0	1763.0	2631.0	2319.0	1997.0	1697.0	2397.0	1861.0	1120.0	1994.0	1414.0	2132.0	1843.0	1988.0	1770.0	2190.0	1699.0	1429.0	2074.0	1335.0	1868.0	1974.0	2216.0	2541.0	2576.0	2282.0	1566.0
tsm:ASU32_11390_phnV	Transporters	phnV	6223.0	5162.0	5108.0	3921.0	5010.0	3815.0	6067.0	4782.0	4139.0	3066.0	3943.0	4772.0	4184.0	4908.0	3794.0	4811.0	4563.0	4549.0	5036.0	4481.0	4449.0	5872.0	3721.0	3888.0	4208.0	4874.0	5252.0	3677.0	4935.0	4146.0	4012.0	4337.0	3911.0	3640.0	3993.0	4243.0	5150.0	5261.0	4544.0	3776.0	3415.0	5828.0	4485.0	4367.0	4919.0	4173.0	4283.0	6035.0	4205.0	4307.0	4122.0	5418.0	3846.0	3407.0	4906.0	3409.0	3802.0	4841.0	4417.0	4260.0	5080.0	3859.0	3809.0	4755.0	3852.0	4998.0	4806.0	4825.0	5324.0	5842.0	4546.0	4737.0
tbw:NCTC13354_01319_phnW	Phosphonate and phosphinate metabolism	phnW	32101.0	28793.0	29013.0	23195.0	28185.0	22328.0	37606.0	26851.0	22247.0	20101.0	22680.0	28782.0	23400.0	25444.0	20028.0	26859.0	23950.0	25172.0	28105.0	25534.0	26561.0	32801.0	21019.0	21616.0	24812.0	27790.0	30269.0	21549.0	29706.0	25519.0	24445.0	24650.0	21587.0	18766.0	26935.0	25679.0	27342.0	30101.0	26109.0	24877.0	20871.0	35193.0	28112.0	24632.0	30139.0	23806.0	21818.0	36406.0	22644.0	23483.0	21844.0	29958.0	22177.0	21377.0	27815.0	19349.0	20138.0	24116.0	25868.0	25598.0	28976.0	23776.0	16893.0	26769.0	23053.0	27318.0	24335.0	27100.0	30016.0	35328.0	25557.0	26254.0
tbw:NCTC13354_01320_phnX	Phosphonate and phosphinate metabolism	phnX	1168.0	787.0	571.0	665.0	778.0	574.0	896.0	946.0	699.0	518.0	562.0	533.0	450.0	746.0	787.0	1188.0	744.0	738.0	655.0	710.0	609.0	989.0	343.0	441.0	549.0	745.0	714.0	666.0	770.0	538.0	724.0	832.0	866.0	527.0	637.0	567.0	716.0	745.0	1152.0	922.0	492.0	982.0	584.0	814.0	498.0	489.0	643.0	847.0	498.0	569.0	510.0	718.0	500.0	554.0	756.0	471.0	683.0	962.0	520.0	586.0	754.0	667.0	617.0	1212.0	653.0	793.0	775.0	927.0	826.0	911.0	614.0	805.0
acan:ACA1_254860_phnY	Phosphonate and phosphinate metabolism	phnY	488.0	453.0	260.0	177.0	233.0	218.0	510.0	461.0	285.0	200.0	412.0	265.0	234.0	416.0	177.0	308.0	457.0	285.0	480.0	375.0	441.0	495.0	273.0	230.0	373.0	370.0	399.0	176.0	384.0	324.0	454.0	436.0	325.0	302.0	225.0	326.0	415.0	428.0	309.0	280.0	215.0	418.0	327.0	284.0	348.0	279.0	314.0	675.0	315.0	298.0	207.0	355.0	269.0	248.0	368.0	259.0	285.0	361.0	399.0	225.0	351.0	257.0	333.0	344.0	260.0	274.0	317.0	554.0	460.0	494.0	524.0	353.0
A0A7D5V3V5_phnZ	Phosphonate and phosphinate metabolism	phnZ	241.0	248.0	225.0	158.0	198.0	144.0	300.0	337.0	227.0	187.0	301.0	215.0	159.0	383.0	213.0	232.0	365.0	206.0	243.0	271.0	168.0	248.0	229.0	133.0	231.0	138.0	221.0	152.0	206.0	205.0	242.0	241.0	315.0	266.0	201.0	159.0	256.0	136.0	270.0	236.0	245.0	312.0	257.0	180.0	222.0	132.0	244.0	232.0	194.0	168.0	191.0	209.0	175.0	121.0	262.0	188.0	298.0	217.0	212.0	184.0	198.0	156.0	235.0	310.0	302.0	218.0	210.0	295.0	265.0	230.0	284.0	203.0
thas:C6Y53_07945_phny	Phosphonate and phosphinate metabolism	phny	9808.0	7305.0	8210.0	7197.0	7707.0	6169.0	9422.0	9334.0	6859.0	5350.0	7747.0	7829.0	6052.0	9029.0	6448.0	6837.0	7983.0	7340.0	7323.0	8220.0	7258.0	8820.0	6178.0	5691.0	7227.0	6867.0	8178.0	6047.0	8348.0	6343.0	7111.0	7596.0	7566.0	6000.0	7172.0	6974.0	7769.0	7756.0	8483.0	6172.0	5876.0	8038.0	7674.0	8078.0	7867.0	6246.0	6422.0	8792.0	6742.0	6761.0	6667.0	8410.0	6674.0	5988.0	7949.0	5296.0	6846.0	8415.0	6640.0	7446.0	8443.0	6316.0	6428.0	7550.0	6576.0	7364.0	7784.0	7867.0	7789.0	8713.0	7335.0	6950.0
tci:A7K98_01855_phoA	Organic phosphoester hydrolysis	phoA	4652.0	4228.0	4273.0	3511.0	4141.0	2985.0	5583.0	5066.0	3206.0	2431.0	3687.0	4168.0	3277.0	4982.0	2840.0	3597.0	4512.0	3806.0	4731.0	4090.0	4054.0	5770.0	3126.0	3432.0	3563.0	3859.0	4661.0	3004.0	3843.0	3328.0	3473.0	3854.0	3085.0	2624.0	3486.0	3847.0	3999.0	4269.0	3329.0	2757.0	3006.0	4650.0	3910.0	4070.0	4521.0	3608.0	3554.0	5578.0	3375.0	3673.0	3238.0	4543.0	3186.0	2990.0	3946.0	2743.0	2780.0	3844.0	3441.0	4025.0	4356.0	3409.0	2592.0	3692.0	2978.0	4229.0	3979.0	4375.0	4439.0	5831.0	3886.0	4276.0
tat:KUM_1390_phoB	Two-component system	phoB	327702.0	280383.0	268998.0	215954.0	261549.0	203864.0	343449.0	259788.0	222272.0	189934.0	221071.0	272707.0	207809.0	256634.0	198086.0	267212.0	234278.0	240740.0	287190.0	255833.0	245967.0	323525.0	190502.0	208335.0	236197.0	268980.0	288929.0	199901.0	275084.0	227966.0	227254.0	245013.0	233367.0	184547.0	232623.0	242505.0	265051.0	283473.0	270520.0	239788.0	198956.0	331512.0	253842.0	243516.0	271411.0	224178.0	210603.0	341408.0	216584.0	231625.0	208903.0	285289.0	208870.0	194637.0	256524.0	179347.0	210257.0	256240.0	236207.0	251247.0	271745.0	216393.0	185846.0	275001.0	225152.0	255519.0	244124.0	261444.0	272720.0	329223.0	230291.0	244946.0
1081640.AGFU01000124_gene29_phoC	Organic phosphoester hydrolysis	phoC	101.0	54.0	157.0	137.0	192.0	115.0	231.0	174.0	142.0	133.0	153.0	166.0	108.0	181.0	167.0	133.0	164.0	153.0	114.0	142.0	120.0	186.0	147.0	75.0	48.0	146.0	158.0	88.0	159.0	130.0	160.0	191.0	193.0	108.0	82.0	130.0	143.0	96.0	135.0	295.0	172.0	253.0	140.0	77.0	229.0	150.0	102.0	169.0	59.0	112.0	108.0	101.0	128.0	165.0	174.0	160.0	138.0	185.0	199.0	127.0	134.0	136.0	138.0	124.0	162.0	209.0	115.0	153.0	212.0	183.0	150.0	128.0
thaa:CFI11_00710_phoD	Organic phosphoester hydrolysis	phoD	20005.0	18210.0	17547.0	14251.0	16435.0	12681.0	20654.0	18518.0	13363.0	10136.0	14362.0	17342.0	13305.0	17326.0	11749.0	14847.0	14657.0	15598.0	17020.0	15797.0	15742.0	21117.0	12393.0	13325.0	13868.0	15372.0	18229.0	13253.0	16953.0	14748.0	13514.0	15125.0	13301.0	11133.0	14516.0	15384.0	16572.0	17106.0	16108.0	13931.0	12165.0	19324.0	15856.0	15697.0	16796.0	14884.0	13655.0	20995.0	14104.0	15025.0	13087.0	18715.0	12839.0	12626.0	15599.0	12039.0	12591.0	16117.0	14595.0	16349.0	17406.0	13855.0	11726.0	15679.0	12815.0	17476.0	15173.0	17342.0	17213.0	22023.0	15228.0	16799.0
tab:CIG75_14735_phoH	Others	phoH	19583.0	17238.0	16741.0	14378.0	17087.0	13388.0	21067.0	17974.0	14203.0	12478.0	14746.0	16150.0	13972.0	16575.0	13575.0	16490.0	15870.0	15837.0	17639.0	15832.0	14969.0	18750.0	13040.0	13114.0	14787.0	16817.0	17170.0	12839.0	17587.0	14510.0	14763.0	16328.0	14627.0	12766.0	15023.0	15144.0	16401.0	16345.0	17971.0	15410.0	13535.0	19839.0	15833.0	15882.0	16198.0	14036.0	14472.0	19720.0	14645.0	14610.0	13663.0	18598.0	13830.0	13091.0	16005.0	12313.0	13817.0	17040.0	15034.0	15345.0	16359.0	13159.0	13010.0	16876.0	13708.0	17292.0	15592.0	17205.0	16390.0	19347.0	15577.0	15723.0
tci:A7K98_09020_phoN	Organic phosphoester hydrolysis	phoN	377.0	330.0	295.0	171.0	324.0	308.0	550.0	431.0	369.0	305.0	166.0	369.0	218.0	283.0	242.0	351.0	310.0	337.0	320.0	309.0	325.0	365.0	211.0	201.0	240.0	362.0	353.0	181.0	399.0	373.0	258.0	318.0	353.0	266.0	275.0	215.0	198.0	336.0	458.0	317.0	226.0	593.0	329.0	379.0	314.0	172.0	273.0	391.0	237.0	268.0	173.0	315.0	313.0	231.0	346.0	201.0	360.0	381.0	264.0	247.0	240.0	147.0	255.0	457.0	343.0	363.0	295.0	353.0	405.0	367.0	367.0	272.0
tab:CIG75_02275_phoP	Two-component system	phoP	95588.0	83360.0	78897.0	65532.0	78394.0	58900.0	99916.0	82260.0	67475.0	53931.0	64708.0	76767.0	60806.0	77649.0	63014.0	81899.0	72957.0	73395.0	79209.0	75530.0	70243.0	92934.0	59920.0	62013.0	67357.0	79960.0	80509.0	58303.0	79968.0	67408.0	66980.0	73244.0	68453.0	57556.0	65523.0	69645.0	75841.0	79435.0	83167.0	73641.0	58600.0	97111.0	75283.0	73979.0	75073.0	67039.0	64239.0	97584.0	64929.0	69380.0	60379.0	83841.0	60813.0	58591.0	75983.0	56298.0	64058.0	80215.0	67770.0	73565.0	79959.0	62286.0	59978.0	86121.0	64598.0	77828.0	71949.0	79274.0	79772.0	96020.0	70331.0	74349.0
tab:CIG75_02280_phoR	Two-component system	phoR	219587.0	193253.0	181943.0	150938.0	180506.0	141731.0	232457.0	183455.0	155981.0	135821.0	150452.0	182176.0	146317.0	172820.0	145983.0	189590.0	161976.0	168974.0	184516.0	174765.0	164053.0	213942.0	136292.0	142638.0	169235.0	190515.0	192085.0	135517.0	190845.0	158475.0	159973.0	167418.0	157541.0	130059.0	163488.0	166188.0	177959.0	190060.0	192118.0	170964.0	137795.0	224515.0	176557.0	171543.0	178043.0	151213.0	146550.0	233685.0	156086.0	154265.0	141308.0	196271.0	141231.0	136857.0	174028.0	126929.0	143781.0	184945.0	159290.0	171408.0	181314.0	144624.0	127594.0	193449.0	148625.0	178276.0	163529.0	182684.0	182709.0	214219.0	163392.0	169200.0
tab:CIG75_02265_phoU	Two-component system	phoU	19366.0	16881.0	16758.0	13770.0	16439.0	13189.0	19992.0	16270.0	13821.0	12382.0	13726.0	16778.0	13120.0	15619.0	12345.0	16011.0	14938.0	15303.0	16808.0	15925.0	14911.0	18975.0	12209.0	13082.0	15172.0	17097.0	17085.0	12926.0	16683.0	14849.0	14018.0	14919.0	13514.0	11883.0	14826.0	15748.0	15937.0	17216.0	15874.0	14661.0	12394.0	20049.0	15560.0	15786.0	15771.0	13710.0	13255.0	20640.0	13745.0	14122.0	13163.0	17938.0	13125.0	13097.0	15555.0	11795.0	12665.0	16383.0	14083.0	15945.0	16212.0	13290.0	10856.0	16229.0	13082.0	16242.0	15242.0	16383.0	15446.0	18408.0	15034.0	15215.0
tee:Tel_06015_phoX	Organic phosphoester hydrolysis	phoX	10123.0	6751.0	8908.0	7147.0	6007.0	4637.0	8045.0	7726.0	3966.0	3146.0	7718.0	9949.0	6830.0	10686.0	3218.0	3587.0	6751.0	5267.0	7501.0	6839.0	6451.0	10407.0	4576.0	5616.0	7047.0	6363.0	9386.0	6059.0	5197.0	5220.0	5076.0	5600.0	4174.0	4246.0	6532.0	7756.0	8367.0	8048.0	3983.0	3507.0	4112.0	6454.0	6612.0	6710.0	7199.0	7040.0	5276.0	8930.0	6771.0	6336.0	7041.0	9804.0	4649.0	4706.0	5642.0	4061.0	3600.0	5745.0	6850.0	9205.0	8736.0	6615.0	2989.0	4185.0	3449.0	5945.0	6493.0	8511.0	7455.0	10496.0	5552.0	6947.0
426117.M446_0826_phpC	Phosphonate and phosphinate metabolism	phpC	8423.0	6829.0	7130.0	5652.0	6993.0	5015.0	8140.0	7209.0	5244.0	4397.0	5620.0	7211.0	5120.0	6598.0	4913.0	6273.0	6803.0	5947.0	6791.0	6243.0	5476.0	7828.0	4667.0	4899.0	6157.0	6376.0	7747.0	4847.0	7280.0	6057.0	5849.0	6322.0	5935.0	4525.0	5665.0	6099.0	6655.0	6375.0	6677.0	5054.0	5384.0	7874.0	6438.0	6508.0	6363.0	5540.0	5225.0	7585.0	6175.0	5343.0	5604.0	7347.0	5323.0	4966.0	6427.0	4634.0	5332.0	6640.0	5644.0	6727.0	7250.0	5075.0	4827.0	6222.0	5572.0	6069.0	6500.0	7048.0	6428.0	8061.0	5493.0	6112.0
tig:THII_2463_phy	Organic phosphoester hydrolysis	phy	5589.0	4274.0	4922.0	3761.0	3950.0	2722.0	5244.0	4454.0	2699.0	2313.0	3997.0	4894.0	3620.0	5064.0	2520.0	2815.0	3689.0	3007.0	4281.0	4007.0	3961.0	5353.0	3193.0	3056.0	3583.0	4208.0	4849.0	3648.0	3356.0	3148.0	3323.0	3424.0	2563.0	2657.0	4003.0	4221.0	4635.0	4705.0	3001.0	2478.0	2553.0	4799.0	4183.0	3793.0	4729.0	3973.0	2783.0	4822.0	3556.0	3596.0	3551.0	5393.0	2709.0	3097.0	4084.0	2664.0	2314.0	3877.0	3852.0	4646.0	4976.0	3980.0	1942.0	2799.0	2577.0	3960.0	3779.0	4236.0	4225.0	5759.0	3306.0	3861.0
1000569.HMPREF1040_0721_pit	Transporters	pit	23890.0	21245.0	20107.0	17394.0	20243.0	15977.0	23980.0	21651.0	17293.0	14497.0	17036.0	20225.0	16017.0	19568.0	15915.0	19568.0	19096.0	18849.0	21436.0	19899.0	17573.0	22708.0	14696.0	15763.0	17925.0	20315.0	20009.0	15982.0	20290.0	17610.0	17436.0	19223.0	17823.0	15544.0	16999.0	17665.0	18923.0	20027.0	21064.0	17674.0	15858.0	23780.0	19157.0	19452.0	18993.0	16696.0	16500.0	23047.0	17274.0	18196.0	16051.0	21810.0	15991.0	15800.0	19198.0	14904.0	16421.0	21101.0	17307.0	18465.0	19302.0	15751.0	15614.0	20205.0	16654.0	19956.0	19150.0	20256.0	19365.0	23011.0	18350.0	18467.0
taa:NMY3_02947_ppa	Oxidative phosphorylation	ppa	18399.0	16178.0	15283.0	12755.0	15530.0	11597.0	18726.0	16743.0	13093.0	10630.0	13214.0	15387.0	11811.0	15814.0	11429.0	14930.0	15014.0	14265.0	16021.0	14413.0	13594.0	17672.0	11009.0	11445.0	13545.0	14620.0	15841.0	11214.0	15723.0	13141.0	13056.0	14664.0	13898.0	11560.0	13533.0	14005.0	14438.0	15188.0	14924.0	13589.0	12169.0	18414.0	14761.0	14947.0	14913.0	12373.0	13035.0	18369.0	13314.0	13042.0	12105.0	16410.0	12028.0	11616.0	14732.0	11283.0	12935.0	15715.0	12919.0	14293.0	15331.0	11908.0	11315.0	15581.0	12438.0	15457.0	14995.0	16290.0	15403.0	17850.0	14080.0	14218.0
tak:Tharo_1557_ppc	Pyruvate metabolism	ppc	18018.0	14887.0	14883.0	12689.0	15071.0	11010.0	19192.0	17292.0	13742.0	9457.0	13779.0	14934.0	11475.0	16535.0	12172.0	14306.0	15970.0	13360.0	15214.0	15077.0	12800.0	16655.0	10675.0	10633.0	12425.0	13711.0	15524.0	10992.0	14801.0	11990.0	12948.0	14680.0	14602.0	11663.0	12721.0	12287.0	14381.0	13585.0	16575.0	12800.0	11572.0	15702.0	14170.0	14682.0	13718.0	11339.0	12611.0	16267.0	13597.0	13387.0	11680.0	15652.0	12227.0	10492.0	14715.0	10429.0	13096.0	15525.0	12792.0	13362.0	15093.0	11396.0	12342.0	15270.0	12476.0	14317.0	15105.0	16407.0	14355.0	16851.0	13764.0	12728.0
tab:CIG75_09850_ppd	Phosphonate and phosphinate metabolism	ppd	5030.0	4482.0	4130.0	3625.0	4041.0	2980.0	4899.0	3906.0	2834.0	2665.0	3177.0	3965.0	3433.0	3307.0	2362.0	3565.0	3203.0	3318.0	4920.0	3874.0	4032.0	4460.0	2895.0	3315.0	3833.0	3977.0	4377.0	3303.0	3757.0	3181.0	3401.0	3911.0	2649.0	2491.0	3192.0	4338.0	4660.0	4804.0	3332.0	3540.0	2684.0	4651.0	4167.0	3669.0	4239.0	3701.0	3001.0	5364.0	3200.0	3768.0	3219.0	4257.0	2790.0	2690.0	3655.0	2561.0	2618.0	3456.0	3589.0	3908.0	4325.0	3759.0	2377.0	4190.0	3010.0	3329.0	3704.0	4081.0	4856.0	5315.0	3069.0	3751.0
tab:CIG75_14660_ppdK	Pyruvate metabolism	ppdK	49514.0	45958.0	41160.0	36526.0	42817.0	33959.0	51460.0	44691.0	38419.0	37231.0	36359.0	41876.0	34619.0	37570.0	39419.0	45241.0	42180.0	41112.0	42799.0	44596.0	38290.0	46620.0	36116.0	33613.0	38828.0	42132.0	41878.0	32835.0	44201.0	34712.0	37211.0	38986.0	38511.0	34493.0	37035.0	36533.0	39593.0	40621.0	45169.0	38227.0	33116.0	48950.0	39771.0	39170.0	39955.0	33755.0	34101.0	48621.0	35579.0	35806.0	32365.0	43839.0	35180.0	31623.0	38866.0	30313.0	34434.0	42775.0	35478.0	37937.0	39593.0	32556.0	32349.0	41133.0	33829.0	39264.0	38136.0	40274.0	40021.0	44468.0	37763.0	42023.0
A0A090DAS9_pphA	Phosphonate and phosphinate metabolism	pphA	161.0	153.0	91.0	89.0	91.0	31.0	129.0	77.0	48.0	72.0	61.0	78.0	22.0	29.0	56.0	109.0	86.0	89.0	99.0	75.0	64.0	91.0	56.0	81.0	114.0	104.0	86.0	45.0	96.0	74.0	46.0	91.0	118.0	77.0	38.0	32.0	138.0	110.0	181.0	145.0	120.0	145.0	89.0	117.0	60.0	87.0	74.0	96.0	82.0	83.0	48.0	99.0	71.0	77.0	108.0	73.0	114.0	97.0	94.0	50.0	54.0	23.0	61.0	121.0	96.0	93.0	82.0	58.0	61.0	59.0	112.0	68.0
taci:TDSAC_0322_ppk	Oxidative phosphorylation	ppk	54683.0	49414.0	44315.0	36874.0	45387.0	34409.0	57288.0	47826.0	39114.0	31548.0	37712.0	42990.0	34307.0	43350.0	37613.0	47408.0	44508.0	43489.0	45659.0	42622.0	39368.0	51775.0	34960.0	34999.0	38325.0	46065.0	45323.0	33275.0	45479.0	38021.0	38908.0	43896.0	39746.0	33900.0	37733.0	38029.0	41248.0	43474.0	49742.0	41878.0	35206.0	54598.0	42061.0	42688.0	43421.0	35907.0	38814.0	53542.0	38212.0	40837.0	34286.0	46943.0	35214.0	33181.0	44064.0	33235.0	37311.0	46334.0	37174.0	39669.0	42961.0	34625.0	37003.0	48518.0	37896.0	45325.0	41702.0	44978.0	45434.0	52721.0	41357.0	42462.0
tak:Tharo_2775_pps	Pyruvate metabolism	pps	21402.0	18163.0	18065.0	14970.0	16374.0	13669.0	21363.0	18405.0	14655.0	11927.0	15178.0	17939.0	13877.0	17320.0	13842.0	16283.0	16421.0	15157.0	18235.0	16975.0	14762.0	19971.0	12484.0	13784.0	15830.0	17631.0	18757.0	13476.0	17345.0	14603.0	15335.0	15560.0	15138.0	12525.0	14927.0	14918.0	17208.0	17618.0	17904.0	14483.0	12914.0	19318.0	17072.0	16865.0	16815.0	14390.0	14026.0	19681.0	15546.0	15131.0	14338.0	19573.0	13300.0	12765.0	16328.0	12296.0	13563.0	17327.0	14961.0	16215.0	17531.0	13984.0	12765.0	16412.0	13175.0	15692.0	17101.0	17576.0	16562.0	20289.0	14956.0	15906.0
tak:Tharo_1959_ppx	Purine metabolism	ppx	22874.0	19447.0	18667.0	15458.0	17922.0	13673.0	23131.0	19891.0	14731.0	11692.0	15290.0	18423.0	14407.0	18287.0	14777.0	18542.0	17876.0	16955.0	18188.0	17283.0	15656.0	21450.0	13534.0	13874.0	15751.0	18782.0	19278.0	13507.0	17883.0	15318.0	14365.0	17169.0	15167.0	12996.0	15441.0	16143.0	17594.0	16848.0	19032.0	16914.0	13165.0	20484.0	16862.0	17825.0	16284.0	14921.0	15450.0	22143.0	15652.0	16181.0	14324.0	19959.0	13222.0	13687.0	16517.0	12875.0	14411.0	19711.0	15374.0	17695.0	18108.0	14733.0	13771.0	19223.0	13531.0	17889.0	16925.0	18920.0	17333.0	21827.0	16367.0	18066.0
tab:CIG75_17200_prsA	Pentose phosphate pathway	prsA	52721.0	45640.0	43742.0	36676.0	43704.0	34202.0	55614.0	48238.0	39826.0	32176.0	38414.0	43344.0	34340.0	43301.0	36453.0	43758.0	44063.0	40764.0	44693.0	43607.0	38967.0	49059.0	32776.0	34161.0	40521.0	42796.0	44498.0	32787.0	44400.0	37460.0	38682.0	42356.0	40239.0	34351.0	38412.0	38981.0	41521.0	41353.0	47064.0	40553.0	35556.0	50726.0	42941.0	42467.0	41799.0	35418.0	36842.0	52448.0	38090.0	39016.0	34011.0	46969.0	35613.0	33771.0	42111.0	31737.0	37249.0	45595.0	36953.0	40523.0	42310.0	34540.0	34070.0	45946.0	36430.0	42871.0	42026.0	45417.0	42871.0	50686.0	40545.0	39929.0
1000565.METUNv1_00386_pstA	Transporters	pstA	15830.0	13712.0	13024.0	11054.0	13438.0	10029.0	16857.0	14202.0	11475.0	8871.0	11371.0	13172.0	10264.0	13058.0	11028.0	13631.0	12702.0	12361.0	13285.0	12517.0	11675.0	15091.0	9834.0	10140.0	11772.0	13316.0	13475.0	10047.0	13311.0	11632.0	11219.0	11773.0	11238.0	10118.0	11186.0	11870.0	12068.0	13119.0	14121.0	12444.0	10402.0	16024.0	12504.0	12464.0	12386.0	10812.0	11296.0	16328.0	10900.0	11175.0	9951.0	14426.0	10304.0	10035.0	12309.0	9213.0	10426.0	13683.0	11341.0	12161.0	12587.0	10106.0	10247.0	13829.0	10591.0	13207.0	12091.0	13646.0	12692.0	15428.0	11870.0	12488.0
1000565.METUNv1_00387_pstB	Transporters	pstB	20138.0	17872.0	17163.0	14443.0	16987.0	13237.0	20306.0	17411.0	15070.0	12990.0	14905.0	16781.0	13845.0	16666.0	14130.0	16821.0	16410.0	15780.0	17316.0	16546.0	15575.0	18866.0	13018.0	13744.0	15815.0	17118.0	17316.0	13349.0	17302.0	14602.0	14738.0	15955.0	14916.0	13790.0	15161.0	15439.0	15700.0	16743.0	17445.0	15656.0	13749.0	19758.0	16396.0	16602.0	16377.0	14029.0	14311.0	20317.0	14672.0	14972.0	13435.0	18349.0	13918.0	13418.0	16272.0	12682.0	13977.0	17569.0	14697.0	15501.0	16122.0	13346.0	12930.0	16995.0	13979.0	16782.0	15886.0	17231.0	16352.0	18911.0	16107.0	15729.0
1000565.METUNv1_00385_pstC	Transporters	pstC	16836.0	14777.0	13916.0	11849.0	14210.0	11298.0	17934.0	15041.0	12449.0	10344.0	11783.0	13914.0	11064.0	13472.0	12110.0	14618.0	13774.0	13466.0	14714.0	14065.0	12616.0	16397.0	10873.0	11284.0	12677.0	14386.0	14406.0	10835.0	14268.0	12162.0	12258.0	13493.0	12761.0	10751.0	12236.0	12448.0	13440.0	14170.0	15108.0	13494.0	10958.0	17040.0	13471.0	13355.0	13718.0	11362.0	11633.0	17731.0	12399.0	12843.0	11110.0	15106.0	11353.0	10619.0	13332.0	10096.0	11855.0	14644.0	11862.0	13277.0	13620.0	11178.0	11234.0	15036.0	11507.0	14088.0	13442.0	14666.0	13757.0	16106.0	13051.0	13635.0
1000565.METUNv1_00384_pstS	Transporters	pstS	99862.0	90734.0	86216.0	69005.0	83485.0	61900.0	110844.0	80147.0	63356.0	58830.0	70307.0	85739.0	68961.0	82365.0	56235.0	79208.0	66771.0	77133.0	77923.0	78259.0	85277.0	111629.0	64272.0	71121.0	76218.0	90233.0	93675.0	64623.0	90290.0	74300.0	72582.0	76380.0	65902.0	53906.0	78952.0	81068.0	85324.0	99547.0	81657.0	73512.0	60520.0	108128.0	77300.0	77128.0	93252.0	77017.0	68737.0	125110.0	64498.0	69189.0	65738.0	93848.0	63730.0	63692.0	78457.0	56170.0	58890.0	77602.0	75635.0	78901.0	87921.0	71851.0	54438.0	80284.0	67614.0	83311.0	69489.0	80816.0	89764.0	116362.0	75981.0	86296.0
1000565.METUNv1_03541_ptsH	Phosphotransferase system	ptsH	10352.0	9231.0	8459.0	6751.0	8701.0	6891.0	11979.0	8926.0	7374.0	6252.0	7478.0	8177.0	6598.0	8687.0	6643.0	8446.0	7808.0	7912.0	8717.0	8358.0	8313.0	10286.0	6687.0	6578.0	8111.0	9046.0	8998.0	6174.0	9286.0	7662.0	7913.0	8190.0	7247.0	6086.0	7631.0	7598.0	8493.0	8923.0	9079.0	7760.0	6469.0	10382.0	8156.0	7685.0	8782.0	7086.0	7435.0	10950.0	7227.0	7339.0	6583.0	8817.0	7303.0	6701.0	8649.0	5973.0	7033.0	8288.0	7938.0	8084.0	8497.0	6728.0	6265.0	8366.0	7292.0	8304.0	8099.0	8481.0	9363.0	10660.0	8550.0	7973.0
1000565.METUNv1_03542_ptsI	Phosphotransferase system	ptsI	30601.0	26165.0	24802.0	21031.0	24962.0	18975.0	31249.0	27179.0	20918.0	17057.0	21324.0	25052.0	18975.0	26790.0	19701.0	24119.0	24463.0	21792.0	25291.0	24283.0	21668.0	28182.0	18071.0	19474.0	21392.0	23710.0	25972.0	18095.0	24801.0	21049.0	20945.0	23491.0	21761.0	18179.0	20522.0	21305.0	24170.0	25150.0	27487.0	22167.0	18794.0	28539.0	23297.0	24042.0	23257.0	20530.0	20686.0	29379.0	21235.0	22138.0	19194.0	26983.0	19055.0	18858.0	23011.0	17354.0	20304.0	24954.0	21028.0	22497.0	25277.0	19348.0	19692.0	26182.0	19669.0	24242.0	22919.0	25716.0	24268.0	29931.0	22718.0	23084.0
1026882.MAMP_00178_ptxA	Transporters	ptxA	NA	NA	NA	NA	NA	NA	NA	NA	NA	NA	NA	NA	NA	NA	NA	NA	NA	NA	NA	NA	NA	NA	NA	NA	NA	NA	NA	NA	NA	NA	NA	NA	NA	NA	NA	NA	NA	NA	NA	NA	NA	NA	NA	NA	NA	NA	NA	NA	NA	NA	NA	NA	NA	NA	NA	NA	NA	NA	NA	NA	NA	NA	NA	NA	NA	NA	NA	NA	NA	NA	NA	NA
1026882.MAMP_00176_ptxB	Transporters	ptxB	262.0	258.0	249.0	184.0	174.0	127.0	297.0	157.0	109.0	50.0	114.0	273.0	189.0	174.0	71.0	71.0	83.0	128.0	284.0	195.0	178.0	423.0	220.0	144.0	194.0	166.0	277.0	253.0	164.0	145.0	211.0	122.0	86.0	76.0	148.0	210.0	221.0	362.0	91.0	122.0	110.0	191.0	175.0	195.0	250.0	335.0	93.0	372.0	134.0	192.0	141.0	242.0	120.0	81.0	205.0	117.0	54.0	112.0	223.0	276.0	198.0	207.0	61.0	81.0	120.0	97.0	140.0	130.0	243.0	244.0	126.0	198.0
102129.Lepto7375DRAFT_1849_ptxC	Transporters	ptxC	332.0	367.0	464.0	343.0	345.0	248.0	409.0	337.0	240.0	134.0	323.0	402.0	318.0	376.0	114.0	191.0	282.0	253.0	357.0	280.0	443.0	484.0	257.0	246.0	252.0	238.0	404.0	287.0	296.0	321.0	319.0	271.0	233.0	193.0	428.0	315.0	383.0	451.0	171.0	111.0	251.0	296.0	360.0	325.0	436.0	322.0	236.0	364.0	305.0	242.0	389.0	394.0	292.0	229.0	388.0	250.0	231.0	230.0	417.0	295.0	356.0	280.0	153.0	139.0	230.0	226.0	359.0	377.0	449.0	512.0	254.0	285.0
1026882.MAMP_00169_ptxD	Others	ptxD	34639.0	30611.0	31256.0	24879.0	29111.0	22649.0	37307.0	29432.0	22766.0	19546.0	25083.0	30123.0	24197.0	28775.0	20442.0	25931.0	25285.0	25358.0	29858.0	27563.0	27401.0	35951.0	20910.0	22904.0	25835.0	28872.0	32945.0	22334.0	29612.0	25493.0	24352.0	26297.0	23092.0	19379.0	26943.0	27117.0	31027.0	30498.0	27823.0	24132.0	20633.0	34113.0	28132.0	26976.0	30704.0	25319.0	22561.0	37652.0	24604.0	25986.0	23910.0	32115.0	23455.0	21861.0	29472.0	20278.0	22866.0	26774.0	28192.0	27359.0	31183.0	24905.0	20029.0	28035.0	23902.0	27838.0	27533.0	29226.0	32152.0	38019.0	25591.0	26533.0
taa:NMY3_03355_purA	Purine metabolism	purA	26093.0	23998.0	22273.0	19131.0	22823.0	18377.0	29005.0	24153.0	20466.0	16889.0	19543.0	21840.0	17507.0	21709.0	19314.0	22984.0	22419.0	22387.0	23482.0	22065.0	20207.0	25003.0	17313.0	17307.0	20264.0	22563.0	22593.0	17175.0	23455.0	20427.0	20189.0	22036.0	21045.0	18771.0	20035.0	19622.0	21038.0	21357.0	24706.0	21333.0	18385.0	27033.0	22258.0	21173.0	21188.0	18127.0	19243.0	26558.0	19058.0	20613.0	17409.0	23886.0	18782.0	18001.0	21111.0	16697.0	19275.0	23853.0	19091.0	21117.0	21139.0	17525.0	17909.0	23835.0	19108.0	22632.0	20988.0	22646.0	22028.0	25047.0	21006.0	21194.0
taa:NMY3_00807_purB	Purine metabolism	purB	40285.0	34809.0	34109.0	27277.0	33317.0	26201.0	42674.0	34746.0	28892.0	24120.0	28447.0	33793.0	26004.0	32936.0	27484.0	32620.0	32594.0	31074.0	34109.0	32735.0	30271.0	38284.0	25193.0	25772.0	30335.0	33398.0	34721.0	24396.0	34819.0	28814.0	29912.0	31353.0	30041.0	25547.0	29227.0	29723.0	32715.0	33680.0	35304.0	31467.0	26301.0	40387.0	32295.0	31259.0	31328.0	26956.0	27034.0	40142.0	28192.0	29346.0	25401.0	36950.0	27183.0	24776.0	31865.0	23866.0	28171.0	33386.0	29887.0	31243.0	32443.0	26664.0	25165.0	34901.0	28243.0	33396.0	30356.0	34303.0	33726.0	39751.0	30765.0	30140.0
taa:NMY3_02289_purC	Purine metabolism	purC	30622.0	26544.0	24965.0	21340.0	24677.0	18860.0	31808.0	26753.0	21100.0	18675.0	20946.0	25120.0	20166.0	23771.0	20159.0	25118.0	23682.0	23541.0	25584.0	23902.0	22541.0	29273.0	19050.0	20077.0	23427.0	25900.0	26026.0	19455.0	25170.0	21336.0	20855.0	23886.0	21589.0	18761.0	22167.0	23452.0	23913.0	25084.0	26210.0	23017.0	19285.0	30431.0	24067.0	23778.0	23864.0	20923.0	20724.0	31497.0	21379.0	22008.0	19767.0	27020.0	19752.0	19034.0	23718.0	17838.0	19868.0	25658.0	21544.0	24087.0	24312.0	19793.0	18404.0	25627.0	19974.0	24953.0	23682.0	25805.0	24748.0	30002.0	23342.0	23815.0
taa:NMY3_02932_purD	Purine metabolism	purD	32271.0	28606.0	27519.0	22162.0	28036.0	21292.0	37117.0	26498.0	23026.0	19065.0	23008.0	26756.0	21836.0	27153.0	21493.0	26683.0	25298.0	25133.0	28160.0	26973.0	25250.0	32013.0	21247.0	21073.0	24474.0	27475.0	28369.0	20114.0	28164.0	23705.0	23578.0	25074.0	22775.0	19521.0	23570.0	23664.0	26040.0	27681.0	28425.0	25426.0	20638.0	32385.0	26627.0	25532.0	26462.0	22396.0	22400.0	34479.0	22369.0	23683.0	21571.0	29036.0	21500.0	21114.0	26698.0	19790.0	21499.0	26243.0	23490.0	25344.0	26276.0	21499.0	19226.0	26987.0	22669.0	26515.0	24761.0	26752.0	28371.0	33025.0	25063.0	25425.0
taa:NMY3_03097_purE	Purine metabolism	purE	9133.0	8150.0	7833.0	6874.0	7913.0	6061.0	9929.0	8060.0	6858.0	5381.0	6901.0	7847.0	6301.0	7877.0	6198.0	7526.0	7770.0	7023.0	7544.0	7434.0	7059.0	9181.0	5733.0	6010.0	7261.0	7864.0	7894.0	5791.0	7774.0	6599.0	6679.0	7176.0	6582.0	5751.0	6821.0	7229.0	7457.0	7251.0	8075.0	7192.0	6159.0	8894.0	7340.0	7306.0	7296.0	6261.0	6484.0	9773.0	6578.0	6579.0	6245.0	8490.0	6201.0	5904.0	7019.0	5455.0	6189.0	7595.0	6809.0	7112.0	7439.0	6197.0	5657.0	7867.0	6058.0	7663.0	7011.0	8013.0	7472.0	8946.0	6884.0	7156.0
taa:NMY3_02505_purF	Purine metabolism	purF	39916.0	35993.0	34981.0	28229.0	33427.0	26731.0	42274.0	33476.0	28691.0	25341.0	28440.0	34914.0	27734.0	30859.0	26150.0	32965.0	29895.0	30599.0	34278.0	31947.0	30415.0	38398.0	25136.0	26998.0	31572.0	34990.0	35629.0	25855.0	33821.0	29544.0	28723.0	30569.0	28334.0	25089.0	30565.0	32327.0	32308.0	34451.0	34233.0	30651.0	25769.0	40979.0	31990.0	31608.0	32062.0	28312.0	26409.0	42679.0	28050.0	29317.0	26653.0	36654.0	26114.0	26020.0	31233.0	23895.0	26560.0	33875.0	29271.0	33325.0	32300.0	27255.0	23303.0	33708.0	26735.0	33361.0	30624.0	33633.0	33021.0	38768.0	29499.0	31469.0
tab:CIG75_18650_purH	Purine metabolism	purH	30806.0	27077.0	25347.0	21108.0	25686.0	19558.0	32212.0	26658.0	23331.0	18303.0	21991.0	25294.0	20563.0	25104.0	22175.0	27277.0	24548.0	24289.0	25748.0	24793.0	22707.0	28102.0	19530.0	20155.0	23580.0	26220.0	26732.0	18750.0	26083.0	21820.0	22035.0	24824.0	23163.0	19683.0	21377.0	22110.0	23836.0	24474.0	28321.0	23968.0	20127.0	29033.0	25049.0	24233.0	24727.0	20246.0	21802.0	30041.0	21528.0	22106.0	19649.0	26682.0	20425.0	19300.0	24215.0	18480.0	21536.0	26584.0	21758.0	22936.0	24585.0	19888.0	20571.0	27797.0	20725.0	25021.0	24170.0	25896.0	25084.0	28389.0	23740.0	23198.0
taa:NMY3_03098_purK	Purine metabolism	purK	14083.0	12775.0	12090.0	9979.0	12052.0	9263.0	15150.0	12597.0	10346.0	8445.0	10164.0	11731.0	9630.0	12203.0	9278.0	12075.0	12383.0	11098.0	12693.0	11758.0	10528.0	13778.0	8557.0	9099.0	10471.0	11718.0	12082.0	8437.0	12474.0	9916.0	10355.0	11113.0	10694.0	9038.0	9883.0	10814.0	11352.0	10977.0	13139.0	10845.0	9382.0	13956.0	11568.0	11225.0	10992.0	9159.0	9773.0	13586.0	10462.0	10417.0	9431.0	12343.0	9088.0	8549.0	11567.0	8096.0	10213.0	11928.0	10298.0	11556.0	11883.0	9038.0	9382.0	12746.0	9347.0	11993.0	11567.0	12852.0	11594.0	13722.0	11234.0	10587.0
taa:NMY3_02504_purL	Purine metabolism	purL	45693.0	39266.0	37519.0	32001.0	38325.0	29643.0	47464.0	41118.0	33851.0	27471.0	32538.0	37125.0	29193.0	37186.0	33877.0	38827.0	39232.0	35351.0	38893.0	36826.0	33368.0	42144.0	28523.0	29384.0	33613.0	37805.0	37931.0	27612.0	37990.0	32531.0	33014.0	36030.0	34600.0	29696.0	31743.0	32494.0	35407.0	34869.0	43344.0	35518.0	30525.0	44225.0	36158.0	36647.0	34920.0	29878.0	32556.0	44862.0	32068.0	32642.0	28523.0	39765.0	30727.0	28704.0	34937.0	27305.0	31326.0	39991.0	32343.0	34356.0	35902.0	28554.0	30183.0	40159.0	30247.0	37057.0	34621.0	39130.0	35612.0	42442.0	35040.0	34894.0
taa:NMY3_02547_purM	Purine metabolism	purM	19093.0	16352.0	15788.0	13116.0	15621.0	12328.0	19782.0	16180.0	13486.0	11185.0	13420.0	15874.0	12229.0	15473.0	12662.0	15115.0	14948.0	14531.0	15621.0	15553.0	14174.0	17791.0	11760.0	12399.0	14372.0	15768.0	16017.0	11918.0	16095.0	13745.0	13433.0	14687.0	13500.0	11968.0	13618.0	14287.0	14771.0	15197.0	16344.0	14299.0	11575.0	17936.0	14725.0	15163.0	15175.0	12889.0	12972.0	19252.0	13140.0	13629.0	12411.0	17202.0	11943.0	11904.0	14526.0	11216.0	12471.0	15437.0	13632.0	15024.0	14867.0	12201.0	11081.0	15661.0	11921.0	15063.0	13933.0	16338.0	15197.0	18263.0	14308.0	14527.0
taa:NMY3_02338_purN	Purine metabolism	purN	32983.0	27177.0	30431.0	22633.0	26015.0	20483.0	32934.0	27645.0	22157.0	18768.0	20326.0	28751.0	22094.0	29583.0	18399.0	34670.0	22854.0	23701.0	31955.0	24937.0	24115.0	39848.0	19080.0	21716.0	24140.0	26440.0	30794.0	20983.0	26403.0	21804.0	20487.0	24845.0	21759.0	17586.0	23756.0	23951.0	29339.0	32391.0	25080.0	27651.0	19073.0	35835.0	24251.0	25626.0	29520.0	29479.0	19217.0	35248.0	19052.0	27961.0	20894.0	29755.0	18472.0	19328.0	23389.0	17179.0	19604.0	26306.0	22785.0	25889.0	31964.0	23544.0	16130.0	42992.0	21472.0	29079.0	23790.0	27064.0	30255.0	42157.0	20188.0	26023.0
tce:A3L02_01965_purO	Purine metabolism	purO	NA	NA	NA	NA	NA	NA	1.0	NA	NA	NA	10.0	3.0	NA	NA	NA	NA	4.0	NA	NA	NA	4.0	NA	NA	2.0	NA	NA	NA	NA	NA	NA	2.0	NA	NA	NA	NA	NA	4.0	NA	NA	NA	3.0	NA	NA	3.0	2.0	2.0	2.0	NA	NA	NA	NA	NA	NA	1.0	1.0	NA	NA	NA	NA	NA	NA	NA	NA	NA	NA	NA	3.0	4.0	NA	NA	NA	NA
taa:NMY3_02655_purP	Purine metabolism	purP	1699.0	1597.0	2003.0	1363.0	1468.0	1486.0	1907.0	1042.0	1104.0	1347.0	1345.0	2139.0	1410.0	1281.0	724.0	1041.0	1068.0	1390.0	1632.0	1339.0	1533.0	1988.0	971.0	1451.0	1735.0	1568.0	1775.0	1595.0	1613.0	1752.0	1394.0	1079.0	967.0	1019.0	1573.0	2405.0	1593.0	2147.0	698.0	1183.0	997.0	2091.0	1440.0	1304.0	1382.0	1481.0	735.0	2539.0	1189.0	1232.0	1306.0	1868.0	1136.0	1353.0	1078.0	840.0	689.0	1215.0	1475.0	2378.0	1314.0	1362.0	383.0	857.0	1113.0	1516.0	1161.0	1226.0	1172.0	1874.0	948.0	1426.0
taa:NMY3_02503_purQ	Purine metabolism	purQ	11624.0	10077.0	9747.0	8408.0	9744.0	7839.0	12178.0	10179.0	8370.0	7363.0	8278.0	9715.0	7878.0	9174.0	8297.0	9797.0	9022.0	9220.0	9545.0	9289.0	8745.0	11092.0	7443.0	7781.0	9103.0	9959.0	9860.0	7389.0	10107.0	8687.0	8286.0	9308.0	8128.0	7514.0	8682.0	8865.0	9291.0	9505.0	10181.0	9000.0	7326.0	11634.0	9235.0	9082.0	8996.0	8016.0	8132.0	12198.0	8292.0	8759.0	7562.0	10332.0	7610.0	7570.0	8968.0	7196.0	7813.0	10193.0	8351.0	9265.0	9627.0	7808.0	7195.0	10090.0	7492.0	9821.0	9306.0	9738.0	9583.0	11161.0	9062.0	9272.0
taa:NMY3_02332_purS	Purine metabolism	purS	4182.0	3729.0	3637.0	3107.0	3710.0	3052.0	4379.0	3641.0	3026.0	2660.0	3036.0	3655.0	2927.0	3491.0	3028.0	3911.0	3488.0	3581.0	3686.0	3466.0	3265.0	4379.0	2987.0	3026.0	3299.0	3767.0	3764.0	2859.0	3631.0	3218.0	3155.0	3363.0	3055.0	2702.0	3149.0	3158.0	3481.0	3658.0	3819.0	3564.0	2847.0	4387.0	3471.0	3357.0	3560.0	3061.0	3178.0	4802.0	3180.0	3108.0	2780.0	3989.0	2874.0	2830.0	3310.0	2577.0	2747.0	3726.0	3164.0	3460.0	3299.0	2806.0	2710.0	3911.0	3037.0	3620.0	3301.0	3664.0	3501.0	4244.0	3589.0	3675.0
tbs:A3L01_00095_purT	Purine metabolism	purT	4169.0	3531.0	2958.0	2343.0	3189.0	2412.0	4168.0	4248.0	2747.0	1967.0	2957.0	3193.0	2352.0	3630.0	2706.0	3364.0	3700.0	3398.0	3670.0	3163.0	2441.0	3605.0	2293.0	2282.0	2853.0	3151.0	3011.0	2220.0	3334.0	2276.0	2725.0	3227.0	3145.0	2410.0	2288.0	2608.0	2513.0	2403.0	3573.0	2738.0	2361.0	3802.0	3145.0	2807.0	2902.0	2546.0	3040.0	3836.0	2689.0	3186.0	2577.0	3405.0	2452.0	2252.0	2901.0	2256.0	2650.0	3783.0	2285.0	2451.0	2547.0	2207.0	2273.0	3132.0	2633.0	3480.0	3129.0	3470.0	2686.0	3684.0	3017.0	2587.0
tab:CIG75_05560_pyk	Pyruvate metabolism	pyk	43227.0	38060.0	36903.0	31249.0	35916.0	27785.0	46174.0	38120.0	29777.0	25288.0	32305.0	36318.0	29115.0	37330.0	28646.0	34127.0	35355.0	32904.0	37396.0	35210.0	32562.0	42390.0	27101.0	28867.0	32719.0	35798.0	38540.0	27670.0	36613.0	30962.0	31204.0	33355.0	31225.0	26868.0	32574.0	32801.0	35430.0	36168.0	38054.0	30745.0	28044.0	41810.0	35145.0	34114.0	35940.0	30068.0	30472.0	43407.0	31135.0	31533.0	28835.0	40132.0	28766.0	27436.0	34531.0	25579.0	28354.0	35764.0	31951.0	33439.0	36526.0	29201.0	26144.0	35829.0	29145.0	34559.0	34511.0	37753.0	36621.0	42686.0	32649.0	33254.0
tab:CIG75_00830_pyrE	Pyrimidine metabolism	pyrE	13959.0	12291.0	11634.0	9776.0	12045.0	8917.0	15196.0	11308.0	9840.0	8177.0	9651.0	11158.0	9094.0	10785.0	9434.0	12095.0	10780.0	10832.0	11963.0	11152.0	10778.0	13317.0	9515.0	8960.0	10413.0	11907.0	12402.0	8441.0	11715.0	10029.0	9719.0	10802.0	9898.0	8389.0	10114.0	10770.0	10880.0	11485.0	12043.0	11456.0	8375.0	14455.0	10832.0	11213.0	11112.0	9789.0	9895.0	14557.0	9981.0	10118.0	8699.0	12668.0	8763.0	8794.0	11021.0	7894.0	8901.0	12100.0	10297.0	10595.0	11022.0	9076.0	8734.0	12342.0	9274.0	11628.0	10665.0	11220.0	11356.0	13747.0	10522.0	11494.0
taa:NMY3_03339_pyrF	Pyrimidine metabolism	pyrF	13258.0	11940.0	11281.0	9185.0	11213.0	8676.0	14750.0	11489.0	9874.0	7991.0	9788.0	11166.0	8787.0	11299.0	9148.0	11016.0	11291.0	10406.0	11651.0	10616.0	10344.0	13081.0	8806.0	8851.0	10116.0	11273.0	11308.0	8106.0	11875.0	10350.0	9798.0	10199.0	9629.0	8245.0	9602.0	10292.0	10332.0	10759.0	11931.0	10504.0	8721.0	13631.0	10470.0	10460.0	11089.0	9708.0	9999.0	14492.0	9286.0	9521.0	8627.0	11567.0	9103.0	8352.0	10865.0	7761.0	8689.0	11283.0	9807.0	10111.0	10776.0	8748.0	8408.0	11821.0	8977.0	11237.0	10132.0	11327.0	11451.0	13208.0	10690.0	11130.0
taa:NMY3_02471_pyrG	Pyrimidine metabolism	pyrG	45011.0	39906.0	39029.0	33176.0	38540.0	30527.0	47562.0	39635.0	33494.0	28837.0	33604.0	38777.0	30858.0	37761.0	31155.0	37955.0	35774.0	35509.0	39249.0	36749.0	35455.0	43904.0	29456.0	30891.0	35798.0	39862.0	41172.0	29865.0	39919.0	33819.0	34251.0	35931.0	33993.0	29972.0	33777.0	34920.0	37534.0	40286.0	40426.0	35005.0	30114.0	44697.0	37410.0	36660.0	38605.0	32256.0	32018.0	47887.0	33425.0	34176.0	30891.0	42312.0	30988.0	29879.0	36722.0	27242.0	31425.0	38931.0	34798.0	36170.0	38296.0	31416.0	28441.0	39311.0	31433.0	37271.0	35727.0	39419.0	38377.0	45027.0	35336.0	36063.0
taa:NMY3_02658_pyrH	Pyrimidine metabolism	pyrH	19737.0	17219.0	15835.0	13929.0	16180.0	12251.0	19928.0	17087.0	13687.0	11618.0	13791.0	16412.0	12850.0	16100.0	12762.0	15974.0	16223.0	14818.0	16008.0	15403.0	14190.0	18012.0	12530.0	12833.0	14951.0	16449.0	16563.0	12628.0	16072.0	13476.0	13533.0	14950.0	13699.0	12075.0	13592.0	14532.0	15634.0	15636.0	16793.0	14532.0	12577.0	18595.0	15048.0	15579.0	15008.0	13304.0	13753.0	19397.0	13667.0	14452.0	12767.0	17811.0	12215.0	12034.0	14788.0	11455.0	13014.0	16731.0	13153.0	15187.0	15571.0	12412.0	11755.0	16705.0	12201.0	16053.0	14805.0	16690.0	15186.0	18115.0	15109.0	15853.0
taa:NMY3_01452_rpiA	Pentose phosphate pathway	rpiA	21345.0	19704.0	17983.0	14766.0	17344.0	14628.0	23612.0	18549.0	15485.0	13526.0	15621.0	18729.0	14266.0	17712.0	13946.0	17985.0	17003.0	16590.0	18636.0	17674.0	16266.0	20817.0	13767.0	13821.0	16074.0	18622.0	18664.0	13526.0	18869.0	15597.0	14811.0	17262.0	16561.0	12947.0	15133.0	16288.0	16689.0	17065.0	18767.0	16241.0	13787.0	21929.0	17172.0	16597.0	17604.0	14407.0	14310.0	22159.0	14650.0	16348.0	13433.0	19207.0	13888.0	13532.0	16431.0	12561.0	14292.0	18146.0	15382.0	17434.0	18461.0	13573.0	12362.0	19379.0	14968.0	17974.0	15821.0	17263.0	17057.0	21460.0	15167.0	15833.0
1033837.WANG_1429_rtpR	Pyrimidine metabolism	rtpR	1122.0	1273.0	971.0	706.0	1154.0	624.0	1389.0	1183.0	912.0	775.0	920.0	886.0	811.0	1287.0	925.0	1156.0	1219.0	1092.0	1268.0	929.0	979.0	1439.0	801.0	704.0	925.0	1149.0	1013.0	827.0	1128.0	856.0	967.0	1070.0	1087.0	719.0	953.0	766.0	831.0	980.0	1257.0	1036.0	1064.0	1262.0	1114.0	879.0	1082.0	789.0	936.0	1423.0	913.0	973.0	662.0	1069.0	863.0	755.0	1104.0	589.0	882.0	860.0	951.0	788.0	979.0	522.0	822.0	1318.0	849.0	936.0	1063.0	1028.0	1012.0	1179.0	1066.0	1047.0
tbn:TBH_C2036_spoT	Purine metabolism	spoT	50600.0	44657.0	41083.0	34823.0	41821.0	32491.0	52323.0	43500.0	36128.0	30169.0	34723.0	39610.0	31719.0	39436.0	35047.0	43125.0	39666.0	38417.0	42941.0	40145.0	35539.0	45810.0	32108.0	31177.0	36920.0	42659.0	42454.0	30276.0	40815.0	35236.0	35093.0	38709.0	35760.0	31619.0	34732.0	35635.0	38691.0	38918.0	44603.0	39886.0	32207.0	49008.0	38734.0	40185.0	38017.0	32697.0	34765.0	49470.0	34910.0	37073.0	31979.0	44566.0	32124.0	31566.0	38914.0	30159.0	33694.0	43594.0	33947.0	37042.0	40490.0	33104.0	30976.0	44514.0	33092.0	40672.0	38015.0	42762.0	39693.0	47172.0	37964.0	38651.0
1000565.METUNv1_02959_thyA	Pyrimidine	thyA	38589.0	44642.0	28643.0	34084.0	41165.0	37079.0	48482.0	51364.0	49154.0	47763.0	31170.0	35202.0	28737.0	26558.0	46964.0	52661.0	52675.0	42638.0	40679.0	60522.0	34654.0	39503.0	45729.0	29697.0	30550.0	27524.0	29535.0	23412.0	35326.0	25234.0	40670.0	28267.0	42006.0	30106.0	25220.0	22337.0	25958.0	30834.0	53770.0	32516.0	29351.0	40958.0	30883.0	29689.0	29270.0	23535.0	30977.0	35492.0	26066.0	24839.0	20662.0	28043.0	30653.0	19557.0	29288.0	16883.0	24094.0	28889.0	22003.0	25641.0	23468.0	19610.0	28326.0	30947.0	22212.0	25393.0	29155.0	25917.0	27343.0	28691.0	33412.0	42854.0
1000565.METUNv1_00903_tmk	Pyrimidine metabolism	tmk	114695.0	98707.0	88135.0	70364.0	88410.0	63355.0	112808.0	89178.0	68795.0	53709.0	68342.0	88151.0	67789.0	80212.0	65167.0	90585.0	80334.0	81157.0	89680.0	79058.0	74171.0	104137.0	66394.0	67630.0	75619.0	94034.0	95555.0	62402.0	85911.0	73269.0	68017.0	79731.0	69532.0	58696.0	71800.0	77558.0	84272.0	87065.0	91538.0	82890.0	62037.0	110935.0	80926.0	80780.0	80699.0	70986.0	69414.0	110229.0	71072.0	78590.0	65919.0	90997.0	63723.0	64308.0	80860.0	60334.0	64592.0	86934.0	72906.0	81760.0	87363.0	69176.0	64826.0	97382.0	68603.0	87785.0	78699.0	86486.0	87203.0	108000.0	76222.0	85430.0
taw:EI545_06815_ugpA	Transporters	ugpA	62104.0	48590.0	46929.0	39680.0	47230.0	35747.0	59633.0	56624.0	43836.0	31066.0	42687.0	50154.0	37311.0	48255.0	41739.0	46869.0	51373.0	43381.0	49369.0	47683.0	41059.0	53574.0	35163.0	36562.0	41614.0	45566.0	47946.0	35334.0	47218.0	38568.0	41915.0	45122.0	47657.0	37779.0	39035.0	41319.0	45207.0	45732.0	58411.0	43971.0	37001.0	53423.0	46403.0	47749.0	44796.0	38281.0	44476.0	57022.0	45733.0	48455.0	38885.0	53096.0	39498.0	36178.0	48471.0	34625.0	43332.0	51904.0	40989.0	46043.0	48609.0	35749.0	43230.0	53073.0	39545.0	50755.0	49990.0	55931.0	49096.0	56230.0	47942.0	45090.0
tci:A7K98_00195_ugpB	Transporters	ugpB	21045.0	16788.0	16063.0	13223.0	15462.0	11978.0	20724.0	19349.0	14282.0	10200.0	14561.0	17134.0	12753.0	17150.0	14171.0	16557.0	16856.0	13905.0	18097.0	16059.0	14388.0	19392.0	11468.0	12440.0	13719.0	15326.0	17201.0	12482.0	15794.0	13001.0	14017.0	14852.0	14967.0	11897.0	13496.0	13620.0	16024.0	15085.0	20565.0	14529.0	11813.0	17196.0	15841.0	15214.0	15727.0	12975.0	14766.0	18994.0	15281.0	17167.0	13110.0	18126.0	12848.0	11531.0	17026.0	11201.0	14839.0	16983.0	14300.0	15165.0	16672.0	11921.0	14751.0	18680.0	12916.0	18162.0	16700.0	18922.0	17503.0	20201.0	16581.0	15222.0
taw:EI545_06805_ugpC	Transporters	ugpC	134707.0	115468.0	116092.0	96179.0	111380.0	87185.0	141555.0	114487.0	93826.0	78397.0	94694.0	112559.0	90818.0	102520.0	86062.0	102005.0	100875.0	97897.0	113345.0	107309.0	101287.0	124509.0	83054.0	84126.0	100994.0	110162.0	118012.0	85986.0	113849.0	96355.0	97355.0	102276.0	95020.0	83092.0	99160.0	100547.0	110766.0	108529.0	114533.0	95248.0	83167.0	126321.0	109409.0	104578.0	108603.0	90874.0	92188.0	126315.0	100198.0	103149.0	93388.0	119356.0	91363.0	85296.0	109430.0	80545.0	94263.0	108970.0	101288.0	104186.0	115271.0	89523.0	85592.0	108230.0	91166.0	105146.0	107472.0	112264.0	118659.0	129531.0	102692.0	99033.0
taw:EI545_06810_ugpE	Transporters	ugpE	62178.0	50614.0	47933.0	41451.0	48201.0	36651.0	60139.0	58794.0	45016.0	31890.0	41953.0	50858.0	37396.0	48637.0	42079.0	48688.0	53317.0	44712.0	51913.0	49068.0	41809.0	54528.0	36431.0	37229.0	42207.0	46452.0	49193.0	37241.0	47408.0	39269.0	42467.0	46028.0	47727.0	39604.0	38999.0	41915.0	45746.0	46306.0	59128.0	44849.0	38126.0	54118.0	47671.0	47813.0	45204.0	38920.0	45307.0	57655.0	46403.0	50991.0	38816.0	54967.0	41187.0	36161.0	48902.0	34795.0	44830.0	52644.0	41117.0	46944.0	49529.0	36612.0	44088.0	54361.0	39855.0	53009.0	51053.0	56738.0	49418.0	57737.0	48207.0	45479.0
tak:Tharo_1843_ugpQ	Organic phosphoester hydrolysis	ugpQ	3462.0	2737.0	2811.0	2352.0	2733.0	1843.0	3274.0	3526.0	1951.0	1420.0	2271.0	2972.0	1871.0	2875.0	2163.0	2191.0	2803.0	2366.0	2826.0	2552.0	2099.0	3256.0	2264.0	2118.0	2310.0	2380.0	2899.0	1764.0	2609.0	2009.0	2271.0	2285.0	2134.0	1748.0	2456.0	2338.0	2668.0	2387.0	2634.0	1925.0	1978.0	2793.0	2606.0	2287.0	2317.0	2353.0	2496.0	3200.0	2254.0	2134.0	1899.0	2808.0	1930.0	1937.0	2386.0	1625.0	2125.0	2392.0	2404.0	2526.0	2718.0	1833.0	2063.0	2326.0	1826.0	2682.0	2496.0	2783.0	2856.0	3360.0	2298.0	2424.0
thr:TRQ7_05490_ushA	Purine metabolism	ushA	13435.0	10959.0	10659.0	8938.0	10318.0	8081.0	12718.0	12680.0	8236.0	5952.0	9073.0	11299.0	8363.0	11878.0	7655.0	8275.0	11486.0	8888.0	12009.0	10525.0	8980.0	13109.0	7659.0	7828.0	9293.0	10388.0	10846.0	8245.0	10204.0	8703.0	8504.0	9995.0	9323.0	7335.0	8426.0	9319.0	10686.0	10539.0	10209.0	7870.0	7667.0	10548.0	10376.0	10423.0	9858.0	9155.0	9351.0	13221.0	10401.0	10045.0	8298.0	11466.0	8230.0	7863.0	10276.0	7212.0	7793.0	10542.0	8852.0	10175.0	11233.0	8074.0	7528.0	8821.0	7468.0	9613.0	10375.0	11439.0	10907.0	13574.0	9731.0	10048.0
